test_distance,sample_num,detected,x_tag,y_tag,z_tag,battery
1.0,0,1,0.10855386396503851,-0.21634465419191015,0.9721394535100127,57
1.0,1,1,0.10932898697701551,-0.2080347993287822,0.9720689504615979,57
1.0,2,1,0.11125586527128556,-0.20376667399075962,0.9730149724981615,57
1.0,3,1,0.11442271530615583,-0.20164454295905457,0.9756452921059531,57
1.0,4,1,0.11663914745148297,-0.20224865694114025,0.977573344301564,57
1.0,5,1,0.1188818869202727,-0.2053107634887948,0.9802217442249936,57
1.0,6,1,0.1224696701130011,-0.21087345848851768,0.9836705985737513,57
1.0,7,1,0.12478178084425662,-0.21602161723644195,0.9859981107955151,57
1.0,8,1,0.1261100416653951,-0.22285441711902845,0.988841531577504,57
1.0,9,1,0.1257316704321877,-0.22854976898315274,0.9917175595020122,57
1.0,10,1,0.12329690988231994,-0.23678806021206408,0.995461568509939,57
1.0,11,1,0.12133854733585263,-0.24420205359210365,0.9995299363434722,57
1.0,12,1,0.12034483290513973,-0.25237431711197394,1.0014558608077153,57
1.0,13,1,0.12087098461084095,-0.26454488994494235,1.0048086425703924,57
1.0,14,1,0.12123717383610626,-0.27241847473694264,1.0075043560357921,57
1.0,15,1,0.12003845555371043,-0.28037333673111525,1.0095759074604485,57
1.0,16,1,0.11761191149677092,-0.2834739805275383,1.0097182795452684,57
1.0,17,1,0.11542983710357724,-0.2851103927637426,1.0109400872758765,57
1.0,18,1,0.11365949326524559,-0.2822019485104662,1.0118656568093867,57
1.0,19,1,0.11409023143239624,-0.27652979247432086,1.012354092406179,57
1.0,20,1,0.11652251660310382,-0.2676260245568036,1.0146052504565024,57
1.0,21,1,0.11919718866585513,-0.2606188332332353,1.0155731293989845,57
1.0,22,1,0.12387938211006078,-0.2503520058087619,1.0187184866953862,57
1.0,23,1,0.12789515771195936,-0.24314354136819802,1.0221912871787096,57
1.0,24,1,0.13295073012323172,-0.23406868936516767,1.0275807491925422,57
1.0,25,1,0.1361424807988997,-0.2269301236370343,1.0322215428185508,57
1.0,26,1,0.14017333359240686,-0.21770817365216946,1.0377661863839303,57
1.0,27,1,0.14204212715633507,-0.21272891678135972,1.0421804525706575,57
1.0,28,1,0.14239091377995372,-0.20729609373633268,1.0479175043563742,57
1.0,29,1,0.1421340758934032,-0.20455326353511644,1.0515736254579442,57
1.0,30,1,0.14143140086411976,-0.2024401542220389,1.054592741178185,57
1.0,31,1,0.14126837614463864,-0.20131686719479847,1.0559076138646908,57
1.0,32,1,0.1416166633063673,-0.20034352017139437,1.059045162458098,57
1.0,33,1,0.1422977895437477,-0.20001823080218856,1.0603311898563739,57
1.0,34,1,0.1438054485937247,-0.1987223567735845,1.0621054196420154,56
1.0,35,1,0.14487536129985865,-0.1976259350797947,1.0633650975592348,56
1.0,36,1,0.14558315045068823,-0.1985754961045592,1.0672650276071407,56
1.0,37,1,0.1456104812944087,-0.2012592887934792,1.0679435321578385,56
1.0,38,1,0.14556495433200628,-0.20750091420372893,1.071321744816433,56
1.0,39,1,0.14237627091224317,-0.22096435619082702,1.0738214323518787,56
1.0,40,1,0.13795620196041006,-0.233600944250123,1.0776815079672226,56
1.0,41,1,0.12981856545137227,-0.250878407801748,1.0761045866008372,56
1.0,42,1,0.12321511993047114,-0.26203798373065623,1.0727760204740333,56
1.0,43,1,0.11370699452421348,-0.27439379773168027,1.0691770529780722,56
1.0,44,1,0.10620483023882828,-0.28159674920657696,1.0651416019212612,56
1.0,45,1,0.09700160502931676,-0.2890499369805236,1.0606546313503116,56
1.0,46,1,0.0913586245286396,-0.29305044992695206,1.0588355790271415,56
1.0,47,1,0.08609011092124179,-0.2974077113229452,1.0561966531502394,56
1.0,48,1,0.08321843851416988,-0.29868349481513945,1.0556560702958473,56
1.0,49,1,0.0808774608236083,-0.3002573744862454,1.0551930403105958,56
1.0,50,1,0.08080114794335075,-0.30048140825627356,1.0555425798684277,56
1.0,51,1,0.08185822373614406,-0.30059236613817497,1.0565618249969415,56
1.0,52,1,0.08418348690638347,-0.30053338360976656,1.0585870770980366,56
1.0,53,1,0.08725842048836177,-0.30066426370376304,1.059408356779389,56
1.0,54,1,0.0933730992758691,-0.303046745833815,1.0593560584599055,56
1.0,55,1,0.09845582827357723,-0.3064477571237325,1.0610363955608648,56
1.0,56,1,0.10444902878141983,-0.31190026970341533,1.0591619785154442,56
1.0,57,1,0.10702941989460499,-0.31586298651765876,1.067425594942611,56
1.0,58,1,0.10833508894685716,-0.31554049495523645,1.0617959463015667,56
1.0,59,1,0.10957694597430247,-0.3151530375327873,1.0634357774470624,56
1.0,60,1,0.10888915173476349,-0.3080604760214738,1.0540908340181971,56
1.0,61,1,0.10599437435978998,-0.30207893758054005,1.0525594064170776,56
1.0,62,1,0.10132551681870682,-0.2899105682555736,1.0489664110299999,56
1.0,63,1,0.09819730343631548,-0.28001194009769625,1.0476147195013787,56
1.0,64,1,0.09573926252702047,-0.26822364170783713,1.0427884676207306,56
1.0,65,1,0.09313257738904597,-0.2529425322340074,1.0423773707579316,56
1.0,66,1,0.09136130807776727,-0.24148342392728286,1.0439537966463928,56
1.0,67,1,0.09056923040052636,-0.22940822439956768,1.0475750556768306,56
1.0,68,1,0.09166938999038322,-0.22260041747891607,1.053118698451214,56
1.0,69,1,0.09350888213795616,-0.21491685597244167,1.056135207301088,55
1.0,70,1,0.09825920507810906,-0.21013007340424722,1.0635922861440466,55
1.0,71,1,0.10307726188278482,-0.20867740013306646,1.0662147615366655,55
1.0,72,1,0.11036245491563125,-0.2088630361253859,1.0669359424819853,55
1.0,73,1,0.1164087394630409,-0.20955527886572708,1.0666716234834157,55
1.0,74,1,0.12531632362212583,-0.21092850333557106,1.0660691328125895,55
1.0,75,1,0.1321488052305819,-0.21129762836300608,1.0632983095986994,55
1.0,76,1,0.1407389529415711,-0.20975561882100166,1.0624258222832965,55
1.0,77,1,0.1462123588376903,-0.20608778952937998,1.0624091218165033,55
1.0,78,1,0.14996852917421183,-0.20057814981779534,1.060793197978288,55
1.0,79,1,0.15224976275641627,-0.19086075819626103,1.0615579194544462,55
1.0,80,1,0.15191106564878643,-0.18230161935084396,1.0609611922727706,55
1.0,81,1,0.15008011223753792,-0.17012596119607712,1.0619982011454348,55
1.0,82,1,0.1481811206992165,-0.1617224269879249,1.064376559549561,55
1.0,83,1,0.145912230506536,-0.15187756756065923,1.0675999930959956,55
1.0,84,1,0.14452537748367086,-0.1475654455954946,1.0696439624179779,55
1.0,85,1,0.1429406276324877,-0.14601209323031214,1.0736692112245916,55
1.0,86,1,0.14199100402146952,-0.15055043876576746,1.0765183932417879,55
1.0,87,1,0.14094533525995617,-0.157777313363799,1.0752857004241503,55
1.0,88,1,0.1404366980162226,-0.17430279607944035,1.0749393348560325,55
1.0,89,1,0.14064659235293728,-0.18246877509451503,1.0738016791476994,55
1.0,90,1,0.14129335559494563,-0.19954676744758582,1.070612807985244,55
1.0,91,1,0.1418664405608825,-0.2123305515752552,1.0657693642800712,55
1.0,92,1,0.1425150083672472,-0.22774099220561692,1.0596303772776468,55
1.0,93,1,0.14180546054392873,-0.23697211213783478,1.0561089757892153,55
1.0,94,1,0.13983427730422346,-0.24376367759314865,1.0543673761115149,55
1.0,95,1,0.1361422403721481,-0.2554751469314021,1.0541284361429815,55
1.0,96,1,0.1334355322588933,-0.2632083014186786,1.0549201578811551,55
1.0,97,1,0.130272042326022,-0.26999841936678987,1.0522204247296494,55
1.0,98,1,0.12823886701471662,-0.2723798335992774,1.051353179081382,55
1.0,99,1,0.12611825568117774,-0.27291876697524253,1.051868637335515,55
1.0,100,1,0.12253133321238413,-0.2744553217819244,1.0510968978469395,55
1.0,101,1,0.11922891308268985,-0.2753872824252381,1.050954495274747,55
1.0,102,1,0.11466858620660064,-0.2756684967551338,1.0495005398002997,55
1.0,103,1,0.11158617117944043,-0.276106140404799,1.0479662229933382,55
1.0,104,1,0.10791385860666922,-0.27525210805544725,1.0461432654118454,55
1.0,105,1,0.10530373978072141,-0.2729992744585787,1.0453858084765617,55
1.0,106,1,0.10223295624373406,-0.269630349919133,1.042664859583896,55
1.0,107,1,0.09903710757849415,-0.26475020329525156,1.0411241716068549,55
1.0,108,1,0.09803606369563708,-0.25967812847489613,1.0377998831152178,55
1.0,109,1,0.09888230568132143,-0.24997457457954256,1.0369537141855982,55
1.0,110,1,0.10091488403718477,-0.24122210694973273,1.0385189600443183,55
1.0,111,1,0.10536263456769746,-0.2274922417090139,1.0386781094790416,55
1.0,112,1,0.10870213983909337,-0.21697386596415283,1.0399703710408168,54
1.0,113,1,0.11151457420519942,-0.20569275275834595,1.0425530379526922,54
1.0,114,1,0.114901492291941,-0.19265206792112696,1.0466994189693342,54
1.0,115,1,0.11712615513856355,-0.1842946898781676,1.0483922229159437,54
1.0,116,1,0.11908125253997531,-0.17868200269488962,1.0506512676553645,54
1.0,117,1,0.11958702110240672,-0.17853800270391057,1.0522858435508187,54
1.0,118,1,0.11856646692210555,-0.18386299322645305,1.0523536877541082,54
1.0,119,1,0.11665967883840125,-0.19101797604119883,1.0523043245274173,54
1.0,120,1,0.11396594536817839,-0.1989494825828518,1.0497255524443485,54
1.0,121,1,0.1115638049187072,-0.21169507222697484,1.0468466476638725,54
1.0,122,1,0.11086916129879515,-0.21937330034915317,1.0412097752209037,54
1.0,123,1,0.1127125403339,-0.22793674965451036,1.0337740784296485,54
1.0,124,1,0.11320802484680009,-0.22968554237370778,1.0328414506457857,54
1.0,125,1,0.1129727960960612,-0.23087960781541683,1.029589909511696,54
1.0,126,1,0.11171995661705235,-0.22906484744124012,1.0281304154535404,54
1.0,127,1,0.10930115696752117,-0.22596403370494714,1.0273235149746778,54
1.0,128,1,0.10706500187162075,-0.222464598484393,1.0257585878418989,54
1.0,129,1,0.10445730378123788,-0.21816162802380282,1.0259399169727257,54
1.0,130,1,0.1026345352718308,-0.21592271700898297,1.0259953250074094,54
1.0,131,1,0.10126162216577483,-0.21567432073586978,1.0280430933234888,54
1.0,132,1,0.09917604113969546,-0.2187931774819667,1.0291708461082005,54
1.0,133,1,0.09717514585629328,-0.22493447137575573,1.030446135568992,54
1.0,134,1,0.09380292372702961,-0.23584563556497065,1.0307097966134988,54
1.0,135,1,0.09089720368375781,-0.24535860104605875,1.0303221374692508,54
1.0,136,1,0.08801963239569938,-0.2558896118577332,1.0294871602673992,54
1.0,137,1,0.08400064363181331,-0.26721843170932325,1.0263857643445715,54
1.0,138,1,0.07990609424035426,-0.2729967595649492,1.0270389742321855,54
1.0,139,1,0.07333993515862522,-0.27716081531159664,1.0288734923347516,54
1.0,140,1,0.06781787893821091,-0.276838446777433,1.0323605658120703,54
1.0,141,1,0.06306029217923743,-0.27486517964817236,1.0369013628006039,54
1.0,142,1,0.05884116547362199,-0.268543483947453,1.04512522091152,54
1.0,143,1,0.05686029460789823,-0.2643819849780296,1.052110255652555,54
1.0,144,1,0.05656839271794799,-0.26245126753687503,1.0593113882753589,54
1.0,145,1,0.057544462337347224,-0.26281158110471137,1.0629711940745088,54
1.0,146,1,0.05973122813795393,-0.26489313317839086,1.0643727668735024,54
1.0,147,1,0.06267105583182621,-0.2684459245622857,1.0625089069812848,54
1.0,148,1,0.06439336603451594,-0.27133883374527323,1.0606415719113225,54
1.0,149,1,0.0656133649130421,-0.2741400202898697,1.059177059254674,54
1.0,150,1,0.06546248605763913,-0.27417000372408223,1.0569393307698174,54
1.0,151,1,0.0649265612067397,-0.27187633328322947,1.0529520812949662,54
1.0,152,1,0.0655453112727537,-0.2686966731928543,1.0481953744564683,54
1.0,153,1,0.06721594993512464,-0.26314320660686846,1.0419306865989737,54
1.0,154,1,0.07047239832043223,-0.2539352620769493,1.0358171085277736,54
1.0,155,1,0.07316640263845482,-0.2458005888213546,1.0321759965772879,54
1.0,156,1,0.07766211284705299,-0.23470535218705488,1.0303506138996057,53
1.0,157,1,0.08167453670560164,-0.22639875940693893,1.0287363814509403,53
1.0,158,1,0.08889454269533517,-0.21770257721441946,1.0291937247834348,53
1.0,159,1,0.09510307987627455,-0.2136176933255693,1.0270456795488683,53
1.0,160,1,0.1019486785592618,-0.209809265255309,1.025548515616169,53
1.0,161,1,0.11116375278482513,-0.21000948618253634,1.0248476179723227,53
1.0,162,1,0.11683977863547247,-0.21477030697239732,1.025418589810084,53
1.0,163,1,0.12162348979173264,-0.22485876109079575,1.0243132949120453,53
1.0,164,1,0.1234542265563555,-0.23484268914350354,1.0239893818912449,53
1.0,165,1,0.12409761676394436,-0.24638495032406285,1.0241597963463867,53
1.0,166,1,0.12365800344306759,-0.26137105985597076,1.0209730767412746,53
1.0,167,1,0.12292113646846038,-0.2746138679877328,1.018896158652372,53
1.0,168,1,0.1220502933583259,-0.2826250630711057,1.0154499460552529,53
1.0,169,1,0.12144567316861049,-0.287843881986449,1.0107641136107497,53
1.0,170,1,0.12073867711288828,-0.2902570982868944,1.0028652318372524,53
1.0,171,1,0.11982393396315298,-0.289051204789624,0.9987401444757313,53
1.0,172,1,0.11834006625982495,-0.28682582315685856,0.9954720365986813,53
1.0,173,1,0.11553268880678087,-0.2818132091624953,0.9932083764424479,53
1.0,174,1,0.11345563396082643,-0.27827652843671585,0.9931488430162805,53
1.0,175,1,0.11065379116463338,-0.276302674944325,0.9928411384898478,53
1.0,176,1,0.10768703077870159,-0.27545391496154764,0.9937515153266925,53
1.0,177,1,0.10439254094976765,-0.2747537645438429,0.9945582189605714,53
1.0,178,1,0.1038358026583552,-0.27583662042470064,0.9941954421151522,53
1.0,179,1,0.10482425917165085,-0.27705870991104065,0.9963544560774492,53
1.0,180,1,0.10523542840854495,-0.2768718964332598,0.9963565522515655,53
1.0,181,1,0.10504112296895876,-0.2748853526165266,0.9961316705818937,53
1.0,182,1,0.10493660051792694,-0.2693156287177319,0.9962572193380512,53
1.0,183,1,0.10631774108344139,-0.2634536779089859,0.9961744300514972,53
1.0,184,1,0.10803460421828316,-0.2564049420904522,0.9963507608182663,53
1.0,185,1,0.10989130086383046,-0.24615387349443918,0.9946883125659524,53
1.0,186,1,0.11088626334952098,-0.23884753045557738,0.9943125083338049,53
1.0,187,1,0.1115881349262544,-0.22875059232925465,0.992084109018636,53
1.0,188,1,0.11137809400339188,-0.2215333028263577,0.9906333517357843,53
1.0,189,1,0.10996760739363987,-0.21352144222121358,0.9915045052716462,53
1.0,190,1,0.10808867875159164,-0.207966353976118,0.9926785216449225,53
1.0,191,1,0.10618355479791772,-0.20354914350057662,0.9955237459755283,53
1.0,192,1,0.10389973006741587,-0.19884960085089032,0.999996683009025,53
1.0,193,1,0.10282033281976062,-0.19748628708724858,1.0035270130396403,53
1.0,194,1,0.10231824545644241,-0.1964996901432905,1.0098980951947165,53
1.0,195,1,0.10319095574619722,-0.20003818528537326,1.0151697454421014,53
1.0,196,1,0.10490453217002975,-0.2041562579521072,1.0153585587533005,53
1.0,197,1,0.10879450899376555,-0.21181858571885506,1.0143110943684122,53
1.0,198,1,0.11250040749634597,-0.2171763706961622,1.010012359658726,53
1.0,199,1,0.11591067175607374,-0.22233897650331655,1.0047397115961623,53
1.0,200,1,0.11972428017938276,-0.22927724194477245,0.9969392200042096,53
1.0,201,1,0.1225370179171688,-0.2331449267944129,0.9900669699146322,53
1.0,202,1,0.1262806190447656,-0.236441019014327,0.9796994626248561,53
1.0,203,1,0.12987670532336903,-0.23960978650949055,0.9733690955132911,53
1.0,204,1,0.13338550151608805,-0.24232824272718922,0.9666460283709641,53
1.0,205,1,0.1378408229330523,-0.2451568693775494,0.9554384515121894,53
1.0,206,1,0.14147010238065683,-0.24703068140346351,0.9471047164245814,53
1.0,207,1,0.14610996399910606,-0.2482580757694534,0.9338391365464149,53
1.0,208,1,0.14937109798231527,-0.24814861410483594,0.9224486066980319,53
1.0,209,1,0.15303581382982903,-0.24598101316798154,0.906272962300047,52
1.0,210,1,0.15519050424708133,-0.24361563056406943,0.893337736868134,52
1.0,211,1,0.15779012076058774,-0.2381808125569932,0.8750189922370789,52
1.0,212,1,0.1596976822627979,-0.233810575032371,0.8638325042999461,52
1.0,213,1,0.16035761852842678,-0.22632443531590352,0.84750807881857,52
1.0,214,1,0.16148909037311995,-0.21647823264963445,0.8344470476438131,52
1.0,215,1,0.16101416600936863,-0.20609236047589566,0.828591162293405,52
1.0,216,1,0.15901676850649604,-0.1906274779251428,0.822967406358895,52
1.0,217,1,0.15672826511969712,-0.17801049860358692,0.8193238175990694,52
1.0,218,1,0.1542623579094771,-0.1650014981645133,0.8172113090967659,52
1.0,219,1,0.15087324195871396,-0.14592211171656416,0.8159626327691731,52
1.0,220,1,0.14806301241591643,-0.13023331412211203,0.8170980502499702,52
1.0,221,1,0.14320187535570914,-0.10637822074929267,0.8206842958194501,52
1.0,222,1,0.1394675641813745,-0.08628744164068018,0.825405278116636,52
1.0,223,1,0.13620599368518238,-0.05840760380779075,0.8339004551122255,52
1.0,224,1,0.13487163480585693,-0.03727680237876985,0.8405374485789976,52
1.0,225,1,0.13430137950402518,-0.01744996343509582,0.8469781945893439,52
1.0,226,1,0.13549597144130168,0.006319059706983907,0.8555715915590717,52
1.0,227,1,0.13664870825224643,0.023554887022870872,0.8619990542352969,52
1.0,228,1,0.13827411327730335,0.04388170404239809,0.8685175349611262,52
1.0,229,1,0.14002192121286225,0.056120010470657754,0.8725393945888499,52
1.0,230,1,0.141919184823776,0.06611693906278504,0.875411176841324,52
1.0,231,1,0.1450069872377621,0.07516958237230535,0.8778879752210564,52
1.0,232,1,0.14724523450296853,0.07794750178958343,0.8778326380521608,52
1.0,233,1,0.150401988708849,0.0765461955078221,0.8771920649120805,52
1.0,234,1,0.1532487421017664,0.0732536180756138,0.8756045774584739,52
1.0,235,1,0.15682238767922912,0.06837950236596628,0.8728462113268466,52
1.0,236,1,0.1625339096603593,0.06000156237115281,0.8675412339186039,52
1.0,237,1,0.1676159370998597,0.05268446442428534,0.8627453920893725,52
1.0,238,1,0.17470057342712972,0.04178722002835531,0.8557853530447609,52
1.0,239,1,0.1796609649393216,0.03220230075404018,0.8496496002201768,52
1.0,240,1,0.18677705789306698,0.0209806230024603,0.8436304046132745,52
1.0,241,1,0.1919025253428217,0.012619455722555992,0.8400175148927627,52
1.0,242,1,0.19587159861387735,0.0037773189862131927,0.8367632411579463,52
1.0,243,1,0.19954575547780593,-0.0070253393774226,0.8329683367640996,52
1.0,244,1,0.20182814994384576,-0.017267875944438165,0.8304895446918118,52
1.0,245,1,0.20400089921592737,-0.03169761515571356,0.8277815631045615,52
1.0,246,1,0.20436768065146513,-0.04750043898884413,0.8236398320377535,52
1.0,247,1,0.20373870954994017,-0.059698743391522195,0.8214015218453046,52
1.0,248,1,0.20171454196026617,-0.07166670302996689,0.8177221327912544,52
1.0,249,1,0.19898165404793905,-0.08335659689309988,0.8157904479355652,52
1.0,250,1,0.19454953048580562,-0.09726926953885622,0.8121681899950252,52
1.0,251,1,0.1906163702155969,-0.1062977390199941,0.8111185627614397,52
1.0,252,1,0.18299283942510608,-0.11620054777244834,0.8117196319162301,52
1.0,253,1,0.1761160878099571,-0.12289531376579423,0.8129030570769625,52
1.0,254,1,0.16627702409275172,-0.1275875850595019,0.8149525682118899,52
1.0,255,1,0.15933830501536178,-0.13155581873400293,0.8170300622500154,52
1.0,256,1,0.15058377250991573,-0.1355748780284245,0.8171307332519834,52
1.0,257,1,0.14467425613685678,-0.13750644547283108,0.8168062969178833,52
1.0,258,1,0.13667423197505196,-0.14105281652858517,0.8170254272845405,52
1.0,259,1,0.13152734246949674,-0.14593263702809,0.8155496346134941,52
1.0,260,1,0.1273417590032239,-0.1531438658857181,0.8135267861024231,52
1.0,261,1,0.12403931288116944,-0.16540407225698803,0.8102175318525158,52
1.0,262,1,0.12299158574628062,-0.17527699137594815,0.8073276018507239,52
1.0,263,1,0.12241975373271205,-0.18963247432964137,0.8038492627960513,52
1.0,264,1,0.12242391880736014,-0.2004766948390919,0.8005061150406566,52
1.0,265,1,0.12324566825325857,-0.21503959315230722,0.799235055245064,52
1.0,266,0,nan,nan,nan,52
1.0,267,0,nan,nan,nan,52
1.0,268,0,nan,nan,nan,52
1.0,269,0,nan,nan,nan,52
1.0,270,0,nan,nan,nan,52
1.0,271,0,nan,nan,nan,52
1.0,272,0,nan,nan,nan,52
1.0,273,0,nan,nan,nan,52
1.0,274,0,nan,nan,nan,52
1.0,275,0,nan,nan,nan,52
1.0,276,0,nan,nan,nan,52
1.0,277,0,nan,nan,nan,52
1.0,278,0,nan,nan,nan,51
1.0,279,0,nan,nan,nan,51
1.0,280,1,0.12450978710284982,-0.2046748152843719,0.7678364993164671,51
1.0,281,1,0.12463425654243439,-0.1859923736603597,0.7558810469842091,51
1.0,282,1,0.12332033949299515,-0.17613375957668478,0.7555940027663794,51
1.0,283,1,0.12222509622842387,-0.16710345733699,0.7545410789674005,51
1.0,284,1,0.12112695281204064,-0.15546250320696847,0.751212598050034,51
1.0,285,1,0.12052211108256598,-0.1467779489942628,0.7496539559492752,51
1.0,286,1,0.11964078192484526,-0.13768911991098434,0.7486023571547106,51
1.0,287,1,0.1184653931284863,-0.12660956658068748,0.7481179148667338,51
1.0,288,1,0.11745385690328247,-0.1193371827020579,0.7484081086194215,51
1.0,289,1,0.11659896221627593,-0.11058475474557622,0.7479431520941994,51
1.0,290,1,0.11632063625634985,-0.10536280984660802,0.7482605908089133,51
1.0,291,1,0.11595624550629634,-0.10039060121798236,0.7475629639890856,51
1.0,292,1,0.1167308764897079,-0.09856378689559349,0.7465079568633544,51
1.0,293,1,0.11870125952881087,-0.09747164057894747,0.742707283665796,51
1.0,294,1,0.11976611777993901,-0.09715038968197678,0.7397730271363339,51
1.0,295,1,0.11990983209926745,-0.09662689738715959,0.7363031182578695,51
1.0,296,1,0.11946859353633436,-0.09502295977604312,0.7332658081086597,51
1.0,297,1,0.11855911363964403,-0.09467278817435937,0.7306520961576811,51
1.0,298,1,0.11704233612587617,-0.09581083479280021,0.7291481555560889,51
1.0,299,1,0.11521845875201335,-0.09753979940310398,0.7279506932516583,51
1.5,0,1,0.1371498770172189,-0.29154531278486606,1.5011153966959268,49
1.5,1,1,0.1359812618575809,-0.3040183720636,1.5038463484128128,49
1.5,2,1,0.13376106733910892,-0.311255415425881,1.4991674592085373,49
1.5,3,1,0.1298062763192936,-0.3177309858822325,1.5016147894873744,49
1.5,4,1,0.12635395002941965,-0.3206715480951559,1.5041849198689672,49
1.5,5,1,0.12284137091518148,-0.32295982476016183,1.50451290539205,49
1.5,6,1,0.12168403404144386,-0.3252292968229705,1.5091610453556275,49
1.5,7,1,0.1210053450538451,-0.32905178926106354,1.5120232015870787,49
1.5,8,1,0.12134248640354424,-0.3316866419414087,1.514251393460123,49
1.5,9,1,0.12219407837087004,-0.33257794951632064,1.5115034502376596,49
1.5,10,1,0.12553638188227043,-0.3311416375481671,1.5075193076789253,49
1.5,11,1,0.1310603071859685,-0.3263660810440032,1.5033726937991942,49
1.5,12,1,0.1338606134032631,-0.32390581644920724,1.5015100822050391,49
1.5,13,1,0.1392013995009404,-0.3189466383958805,1.496765396300898,49
1.5,14,1,0.14313759391972236,-0.31537544515162014,1.4908839762985953,49
1.5,15,1,0.14830641095087696,-0.3098930223157935,1.481496744545338,49
1.5,16,1,0.15214174601581734,-0.30850716041351894,1.4791028869176925,49
1.5,17,1,0.15749345079243868,-0.3081068030819703,1.4750202984241516,49
1.5,18,1,0.16063847346015345,-0.30862085572951875,1.4679026198892513,49
1.5,19,1,0.16385545244542,-0.31009990042524394,1.4644217509302022,49
1.5,20,1,0.16431814075366374,-0.3099143023951287,1.462879777069893,49
1.5,21,1,0.16237550863766143,-0.30973445513497877,1.4632995254203134,49
1.5,22,1,0.15957088564576907,-0.3086294997793136,1.465430435011447,49
1.5,23,1,0.15638378660905286,-0.3073012506839097,1.4652773821325336,49
1.5,24,1,0.15234770371990866,-0.3047310837368938,1.4691607326637992,49
1.5,25,1,0.14929474818788172,-0.30139590284549933,1.4724408691231954,49
1.5,26,1,0.1453635317852925,-0.29453304400689584,1.472531157241869,49
1.5,27,1,0.14277963081054748,-0.2884203164533152,1.4765930024752185,49
1.5,28,1,0.140623889566786,-0.28142022385343435,1.4762859997385043,49
1.5,29,1,0.13829825802541346,-0.2713534571138157,1.4758728380667465,49
1.5,30,1,0.1361164210017921,-0.2625869574763834,1.4763307506171552,49
1.5,31,1,0.13436717544792726,-0.25581994067826364,1.4742040590708962,49
1.5,32,1,0.13276841559829722,-0.24961727234626116,1.4713530870511617,49
1.5,33,1,0.13192233440592713,-0.24326276593626528,1.469535968631507,49
1.5,34,1,0.13207632885525114,-0.23952195071393972,1.4651982413710716,49
1.5,35,1,0.1335876163344518,-0.23816728359002695,1.4579025636945275,49
1.5,36,1,0.13530934076483972,-0.2386668947759905,1.450333435889481,49
1.5,37,1,0.13663504156687972,-0.2397851651424538,1.4446868813529186,49
1.5,38,1,0.14173956092293347,-0.24791340654860777,1.431594051771126,49
1.5,39,1,0.14651849757369964,-0.2547966678465455,1.4151807791673718,49
1.5,40,1,0.1503292777863849,-0.2594073030612768,1.4043142007090668,49
1.5,41,1,0.15415099739836885,-0.2639691432472164,1.3944360375275662,49
1.5,42,1,0.1579706808373453,-0.2709331158652565,1.376043938393259,49
1.5,43,1,0.16099925482221217,-0.277571627559735,1.3695668300461084,49
1.5,44,1,0.16388775681740259,-0.2837173170089685,1.352516653435339,48
1.5,45,1,0.16619547776832172,-0.2866792170292231,1.3400622254573715,48
1.5,46,1,0.16920823971611534,-0.28762096368980566,1.3231984114022035,48
1.5,47,1,0.17085038703602168,-0.2819534526793803,1.3091397352140117,48
1.5,48,1,0.17252305744451912,-0.2719234776149854,1.3015881894730157,48
1.5,49,1,0.17267632192483556,-0.26159735394926464,1.297770635289066,48
1.5,50,1,0.1722755348270566,-0.2488124656458989,1.2954494836869233,48
1.5,51,1,0.17129135893047157,-0.2312687308988873,1.2922472468537562,48
1.5,52,1,0.17091646001014107,-0.21810090818400327,1.2944639819779953,48
1.5,53,1,0.17095795830401656,-0.20533056414342424,1.294749583313596,48
1.5,54,1,0.17174353934818623,-0.19226710209630934,1.2939211165920892,48
1.5,55,1,0.1721182334411063,-0.1827621614612537,1.2913253032649048,48
1.5,56,1,0.1738185237753049,-0.17362410129362893,1.2875346308321591,48
1.5,57,1,0.1761848486272775,-0.16897974978225455,1.2844796104621838,48
1.5,58,1,0.18016615765011576,-0.16235650944182303,1.2794363878240924,48
1.5,59,1,0.18333886611720152,-0.15914727884293262,1.2749757184463453,48
1.5,60,1,0.18634859112667085,-0.15765420322266985,1.269222873977228,48
1.5,61,1,0.19096890409341963,-0.15692093493734585,1.2649236043509855,48
1.5,62,1,0.1946723614385637,-0.157354140186813,1.2599855976743357,48
1.5,63,1,0.20048093039704093,-0.15975686021896376,1.2555210548672966,48
1.5,64,1,0.20470284254718896,-0.16245140966100188,1.2481691753127102,48
1.5,65,1,0.21135227610354487,-0.1686915816029188,1.2416217813183157,48
1.5,66,1,0.2156919649636677,-0.17381657645871565,1.232903377237453,48
1.5,67,1,0.2206353860074513,-0.18157980741471058,1.224484087330608,48
1.5,68,1,0.22751504795167105,-0.19383391636989228,1.2126225248291533,48
1.5,69,1,0.23311016108310276,-0.20262844359468693,1.2039474398095238,48
1.5,70,1,0.24045035092668823,-0.21509469178814966,1.1905615833852046,48
1.5,71,1,0.24614774110282348,-0.22510320431784833,1.1798139454192569,48
1.5,72,1,0.2522651264155837,-0.23486051117079892,1.1708137723583159,48
1.5,73,1,0.26073793231074216,-0.25013796502365376,1.157035043488892,48
1.5,74,1,0.26741716552002104,-0.26148505127372124,1.148478493346034,48
1.5,75,1,0.27674587795027106,-0.2763650949303306,1.1376487523897758,48
1.5,76,1,0.2838608385629916,-0.28614261223499265,1.1295014651703184,48
1.5,77,1,0.2911215831925607,-0.29499695101679296,1.1219086424725904,48
1.5,78,1,0.3008489777687747,-0.30421845003984016,1.11205271667059,48
1.5,79,1,0.3080988142259235,-0.31044337906208674,1.1045517486155896,48
1.5,80,1,0.31524461933946674,-0.3152631237753439,1.0983531166718608,48
1.5,81,1,0.3260413110409564,-0.3200163549968611,1.0878064011362722,48
1.5,82,1,0.3297427283104766,-0.32006491897310535,1.0829450806028917,48
1.5,83,1,0.34079254815486576,-0.3243266896381846,1.0884889780567322,48
1.5,84,1,0.3488613348345,-0.33016027412936394,1.1048534192177888,48
1.5,85,0,nan,nan,nan,48
1.5,86,0,nan,nan,nan,48
1.5,87,0,nan,nan,nan,48
1.5,88,0,nan,nan,nan,48
1.5,89,0,nan,nan,nan,48
1.5,90,0,nan,nan,nan,48
1.5,91,0,nan,nan,nan,48
1.5,92,0,nan,nan,nan,48
1.5,93,0,nan,nan,nan,48
1.5,94,0,nan,nan,nan,48
1.5,95,0,nan,nan,nan,48
1.5,96,0,nan,nan,nan,48
1.5,97,0,nan,nan,nan,47
1.5,98,0,nan,nan,nan,47
1.5,99,0,nan,nan,nan,47
1.5,100,0,nan,nan,nan,47
1.5,101,0,nan,nan,nan,47
1.5,102,0,nan,nan,nan,47
1.5,103,0,nan,nan,nan,47
1.5,104,0,nan,nan,nan,47
1.5,105,0,nan,nan,nan,47
1.5,106,0,nan,nan,nan,47
1.5,107,0,nan,nan,nan,47
1.5,108,0,nan,nan,nan,47
1.5,109,0,nan,nan,nan,47
1.5,110,1,0.2959099808238239,-0.34220908785675186,1.1678189885784873,47
1.5,111,1,0.29280260538771447,-0.3245640858278303,1.184472042635265,47
1.5,112,1,0.28802440078620506,-0.31356383363315654,1.1954048363782974,47
1.5,113,1,0.2813060399576342,-0.30434961444191183,1.2061264233534201,47
1.5,114,1,0.2702560720191937,-0.294705511001153,1.2200989085116947,47
1.5,115,1,0.26004591631449947,-0.28820623872506257,1.2264761897477048,47
1.5,116,1,0.24599386238161453,-0.2835444346907044,1.2396233899116575,47
1.5,117,1,0.23316418543262277,-0.2796527061989309,1.2479994421659821,47
1.5,118,1,0.22005236303518888,-0.275666455039733,1.2554097558574098,47
1.5,119,1,0.2065983014936327,-0.26857754774242193,1.2649540166868876,47
1.5,120,1,0.19895379086422263,-0.2631885107178728,1.269112109810058,47
1.5,121,1,0.18953590878232324,-0.25421543052332074,1.275458535463371,47
1.5,122,1,0.18328689543825333,-0.249226667057213,1.2822579605879498,47
1.5,123,1,0.17629323967396576,-0.24461808085861608,1.2891273577143887,47
1.5,124,1,0.17229916713933582,-0.24401290307221307,1.2919446744875605,47
1.5,125,1,0.16749315121425576,-0.24618416842741978,1.2966564686194573,47
1.5,126,1,0.16266739971566804,-0.24894459937019559,1.299359058068283,47
1.5,127,1,0.15772247257015118,-0.2525892738490558,1.3023575509145766,47
1.5,128,1,0.15117982243035566,-0.2572519215491135,1.3055280027575564,47
1.5,129,1,0.14643569143762372,-0.2612179077747092,1.3075183584595045,47
1.5,130,1,0.1406067161298226,-0.267875906220899,1.3092781322219873,47
1.5,131,1,0.13634993411223273,-0.2723898624159285,1.3078896461589335,47
1.5,132,1,0.1324041748310739,-0.27795856837316807,1.3073797841389783,47
1.5,133,1,0.12590440860531935,-0.2858280008080818,1.3082295780795257,47
1.5,134,1,0.11899756370777721,-0.2952345256554077,1.3068262201982752,47
1.5,135,1,0.1148348168959204,-0.30314691376757263,1.3078717388738543,47
1.5,136,1,0.10966531197004778,-0.31071266882539983,1.306816877454495,47
1.5,137,1,0.10255203433101173,-0.3218143044733178,1.308414867757187,47
1.5,138,1,0.09755195284602604,-0.3296471156488417,1.3083191130405618,47
1.5,139,1,0.0904235384426117,-0.3396806618748726,1.3094055462240781,47
1.5,140,1,0.08450513207131159,-0.34802058338403974,1.311089020244447,46
1.5,141,1,0.07786250914490457,-0.35544664334657067,1.312083227333999,46
1.5,142,1,0.06830485937790431,-0.3662831279341311,1.314973561553599,46
1.5,143,1,0.06097868223305716,-0.37532045475323883,1.31882998121843,46
1.5,144,1,0.05109987357112644,-0.38556261907365175,1.3208629705710813,46
1.5,145,1,0.043446504601908756,-0.3931442274788665,1.3224424745416936,46
1.5,146,1,0.03409517455415419,-0.4026547194292701,1.3267521718293689,46
1.5,147,1,0.02652019500103152,-0.40847964793642755,1.3298067663285047,46
1.5,148,1,0.018171804675410984,-0.41214373736466525,1.3333234643983511,46
1.5,149,1,0.005870252901155997,-0.4146698305611102,1.3408429019653563,46
1.5,150,1,-0.0040653515185386695,-0.4150660733288671,1.346729531931164,46
1.5,151,1,-0.017868891239988013,-0.4119342851227819,1.3541540495133546,46
1.5,152,1,-0.028592005655282943,-0.40983827171532483,1.3628849202138604,46
1.5,153,1,-0.04340806247539552,-0.4038540629029533,1.37364587970189,46
1.5,154,1,-0.05474053346014238,-0.3972491048812039,1.3819613657353953,46
1.5,155,1,-0.06596849852886222,-0.38952136042222735,1.3913706431847064,46
1.5,156,1,-0.08125489567320918,-0.3801657841765629,1.40380861222207,46
1.5,157,1,-0.09106148618015938,-0.3779740449940479,1.4104913333676512,46
1.5,158,1,-0.10027158185538056,-0.38697323937915024,1.4199624156719888,46
1.5,159,1,-0.10482603550951883,-0.3974183225543137,1.4200873662289233,46
1.5,160,1,-0.10836327747365053,-0.4141547843381004,1.4216518515531014,46
1.5,161,1,-0.11187692749738892,-0.43881289443685434,1.4201457077425568,46
1.5,162,0,nan,nan,nan,46
1.5,163,0,nan,nan,nan,46
1.5,164,0,nan,nan,nan,46
1.5,165,0,nan,nan,nan,46
1.5,166,0,nan,nan,nan,46
1.5,167,0,nan,nan,nan,46
1.5,168,0,nan,nan,nan,46
1.5,169,0,nan,nan,nan,46
1.5,170,0,nan,nan,nan,46
1.5,171,0,nan,nan,nan,46
1.5,172,0,nan,nan,nan,46
1.5,173,0,nan,nan,nan,46
1.5,174,0,nan,nan,nan,46
1.5,175,0,nan,nan,nan,46
1.5,176,0,nan,nan,nan,46
1.5,177,0,nan,nan,nan,46
1.5,178,0,nan,nan,nan,46
1.5,179,1,-0.10704419441215206,-0.431254219284052,1.36187470684832,46
1.5,180,1,-0.10689478540316379,-0.4319170293488053,1.3878201627008695,46
1.5,181,1,-0.10553304002909686,-0.42083859547035135,1.3870037096330088,46
1.5,182,1,-0.10397589522064302,-0.4049662717562608,1.3848663897471953,46
1.5,183,1,-0.10215119226745023,-0.39269439873908973,1.3838420257820956,46
1.5,184,1,-0.09868421742335845,-0.37542077302806903,1.379419068343237,45
1.5,185,1,-0.09505312609249819,-0.3623697602801496,1.3761470616934166,45
1.5,186,1,-0.08963387355368575,-0.34397164244825545,1.3690918204322562,45
1.5,187,1,-0.08495169113734559,-0.33124537307840657,1.3629398956456373,45
1.5,188,1,-0.080158370201124,-0.3203272185716158,1.3564336884792931,45
1.5,189,1,-0.07470881978958457,-0.30408644281342784,1.3451271602166843,45
1.5,190,1,-0.07059016310727637,-0.2905640712066243,1.338230469034322,45
1.5,191,1,-0.06508693228040077,-0.2738805420935711,1.3267897188719735,45
1.5,192,1,-0.06148669708794355,-0.262076541293256,1.3179160954380846,45
1.5,193,1,-0.05772011191066545,-0.24632794236463584,1.3080661298107508,45
1.5,194,1,-0.05540909041203487,-0.23359116440469732,1.299400440881076,45
1.5,195,1,-0.05329934956971069,-0.2211364497054234,1.29085955947661,45
1.5,196,1,-0.050962749773627206,-0.20604216786642504,1.278489560801258,45
1.5,197,1,-0.04926287764460543,-0.19420918347540012,1.2674564738218548,45
1.5,198,1,-0.04668857415582344,-0.18469396443093897,1.2560434520118735,45
1.5,199,1,-0.043362779417860216,-0.17352369810599463,1.2392642176379833,45
1.5,200,1,-0.042207779462881415,-0.16649335113998437,1.2263954614364219,45
1.5,201,1,-0.04196822373580308,-0.16042452401119633,1.2078575409875643,45
1.5,202,1,-0.04323153622250368,-0.15726822877701027,1.193451841295831,45
1.5,203,1,-0.04676148913244575,-0.15325594749919913,1.1734436447839525,45
1.5,204,1,-0.052624010203792766,-0.15315557446306996,1.1539764138013637,45
1.5,205,1,-0.05818181099862817,-0.1543818546043227,1.138280313738628,45
1.5,206,1,-0.06475020796256509,-0.15705631140600876,1.1224756907204536,45
1.5,207,1,-0.07159319381017566,-0.16315313908994314,1.1070152142337633,45
1.5,208,1,-0.0799978325508331,-0.17443193251356556,1.087230312344631,45
1.5,209,1,-0.0859691690039951,-0.18322209470983192,1.073412656772357,45
1.5,210,1,-0.0936621964093855,-0.19203853751469582,1.0551506938858355,45
1.5,211,1,-0.09883634385679825,-0.19682422606111127,1.0441413819666263,45
1.5,212,1,-0.1029509592107347,-0.20037981834543406,1.03458258714176,45
1.5,213,1,-0.10683780226066451,-0.20208891241940127,1.0233794057720957,45
1.5,214,1,-0.10870089797449926,-0.20192591177043084,1.0166386708738626,45
1.5,215,1,-0.11123858236569903,-0.19915701819263665,1.0058476106547556,45
1.5,216,1,-0.11322367542185505,-0.19637355371938892,0.9974505152373038,45
1.5,217,1,-0.11655074144817223,-0.1918484448993169,0.983311057163117,45
1.5,218,1,-0.11924616008667327,-0.1881247512858033,0.9733366861099201,45
1.5,219,1,-0.1218812638109434,-0.18384801960734307,0.9627812871051071,45
1.5,220,1,-0.12428405000610546,-0.17969989824817717,0.9510998608200665,45
1.5,221,1,-0.12730220487539534,-0.17323911517670879,0.9364831872975843,45
1.5,222,1,-0.12935800272803596,-0.16914640946057755,0.9248006228408457,45
1.5,223,1,-0.13112109613322318,-0.16564967811759804,0.9110125009125573,45
1.5,224,1,-0.13241571470351665,-0.1614543588910507,0.8921666626484253,45
1.5,225,1,-0.13223234696397862,-0.1586580642001411,0.8761958982326216,45
1.5,226,1,-0.13135114213062382,-0.15616645264149157,0.8591682188280698,45
1.5,227,1,-0.1288555443671437,-0.15198588163230375,0.8345250477850384,45
1.5,228,1,-0.12632799038442064,-0.14954276283303308,0.8147347846629701,45
1.5,229,1,-0.12387599210900592,-0.14467490618569942,0.7958650397827881,44
1.5,230,1,-0.11893813915140396,-0.13388477019888356,0.7722868869062682,44
1.5,231,1,-0.11494277278911381,-0.11980921961991726,0.7600245540255494,44
1.5,232,1,-0.11018578477933612,-0.1013204226374378,0.749928765974689,44
1.5,233,1,-0.10181787372862859,-0.07173375787741755,0.7397735406610154,44
1.5,234,1,-0.09491661783358908,-0.04666302655610918,0.7330750568247373,44
1.5,235,1,-0.08522666164857308,-0.011074521652678066,0.7238001783187852,44
1.5,236,1,-0.07730888333797903,0.013867180592096677,0.7160850344981922,44
1.5,237,1,-0.06929675327573552,0.035163359427262376,0.7077009949455009,44
1.5,238,1,-0.058605517259773594,0.05679006736630882,0.6952606644573603,44
1.5,239,1,-0.051937057714857626,0.06269936143040464,0.6854135986833063,44
1.5,240,1,-0.04551120932649304,0.05925459709006396,0.6732744468556664,44
1.5,241,1,-0.04127312043677654,0.05015340872239416,0.6635949255174944,44
1.5,242,1,-0.03676669486616174,0.036965511279326,0.6530684169054106,44
1.5,243,1,-0.03202411368556908,0.021540740350528928,0.6419918271802788,44
1.5,244,1,-0.027330802417068194,0.005127785836969488,0.6310943051317103,44
1.5,245,1,-0.0224306203758675,-0.01620645892234193,0.6165763825976791,44
1.5,246,1,-0.01914594517081177,-0.031195099415401054,0.6062523964616979,44
1.5,247,1,-0.015388222276456833,-0.045443651420631996,0.5967209446357202,44
1.5,248,1,-0.009119098012620404,-0.0622355811515551,0.5835379722457075,44
1.5,249,1,-0.0036452854168773953,-0.07388427302543246,0.5735700073324506,44
1.5,250,1,0.005205133230485831,-0.08753386628629091,0.5600521859989096,44
1.5,251,1,0.012877685656539035,-0.09687307188499011,0.5494531788810088,44
1.5,252,1,0.020504556739905342,-0.10482501386779894,0.5392088304820449,44
1.5,253,1,0.029270366727773455,-0.11388220082401217,0.5301912379085855,44
1.5,254,1,0.037601688134122936,-0.11786377064228523,0.5404262523439601,44
1.5,255,0,nan,nan,nan,44
1.5,256,0,nan,nan,nan,44
1.5,257,0,nan,nan,nan,44
1.5,258,0,nan,nan,nan,44
1.5,259,1,0.06464006579877904,-0.11542833158767882,0.536891210187846,44
1.5,260,1,0.06800738232990271,-0.10864192223275519,0.5192801995217641,44
1.5,261,1,0.07044657942374531,-0.10265648529503617,0.5165223485168259,44
1.5,262,1,0.0716742154496318,-0.09717106036804786,0.5171384113935125,44
1.5,263,1,0.07228186879484803,-0.09158628120810353,0.5185337726100703,44
1.5,264,1,0.07282995396298908,-0.08907869495785835,0.5186789416389036,44
1.5,265,1,0.07328799885831089,-0.08944233389717797,0.5178936732891462,44
1.5,266,1,0.07321234958948276,-0.09139676670248989,0.5162361319296771,44
1.5,267,1,0.07369943405367882,-0.09440808270915349,0.5138750931003964,44
1.5,268,1,0.07501484679415461,-0.099263948822435,0.510649908011122,44
1.5,269,1,0.07621542561698237,-0.10358573539045036,0.5080509737243355,44
1.5,270,1,0.07599628211161293,-0.10932949337631143,0.5170975044705743,44
1.5,271,0,nan,nan,nan,44
1.5,272,0,nan,nan,nan,44
1.5,273,0,nan,nan,nan,44
1.5,274,0,nan,nan,nan,44
1.5,275,0,nan,nan,nan,44
1.5,276,0,nan,nan,nan,44
1.5,277,0,nan,nan,nan,44
1.5,278,0,nan,nan,nan,44
1.5,279,0,nan,nan,nan,44
1.5,280,0,nan,nan,nan,44
1.5,281,0,nan,nan,nan,44
1.5,282,0,nan,nan,nan,44
1.5,283,0,nan,nan,nan,44
1.5,284,0,nan,nan,nan,44
1.5,285,0,nan,nan,nan,44
1.5,286,0,nan,nan,nan,44
1.5,287,0,nan,nan,nan,44
1.5,288,0,nan,nan,nan,44
1.5,289,0,nan,nan,nan,44
1.5,290,0,nan,nan,nan,43
1.5,291,0,nan,nan,nan,43
1.5,292,0,nan,nan,nan,43
1.5,293,0,nan,nan,nan,43
1.5,294,0,nan,nan,nan,43
1.5,295,0,nan,nan,nan,43
1.5,296,0,nan,nan,nan,43
1.5,297,0,nan,nan,nan,43
1.5,298,0,nan,nan,nan,43
1.5,299,0,nan,nan,nan,43
2.0,0,1,0.3982353869082061,-0.4756347234323643,2.009685380717809,37
2.0,1,1,0.40546473932157195,-0.48553346795731905,2.0094709543214337,37
2.0,2,1,0.40933051706375495,-0.49465858261674006,2.0028840059881756,37
2.0,3,1,0.41386494868833373,-0.5034064500449513,1.9982711889660334,37
2.0,4,1,0.4158977666922557,-0.5100826180175405,1.9943924088808076,37
2.0,5,1,0.4165751734147972,-0.5186346845918094,1.990255815147499,37
2.0,6,1,0.41528763615259856,-0.5235625871040531,1.9865759492989692,37
2.0,7,1,0.41251056510680084,-0.5262703641644522,1.9844254765801117,37
2.0,8,1,0.41064155285911713,-0.5285770133900722,1.9862479582383603,37
2.0,9,1,0.40535522209149644,-0.5255003340250406,1.9825402949328164,37
2.0,10,1,0.4024454189250833,-0.5249172019841747,1.98248124831319,37
2.0,11,1,0.3983389308212231,-0.5188004976201815,1.9830415183113608,37
2.0,12,1,0.3957015572448076,-0.5149064352615625,1.9865467347144685,37
2.0,13,1,0.39344423323292005,-0.507463590790864,1.9854611413765995,37
2.0,14,1,0.39142900783465673,-0.49488756447826426,1.9891198897519504,37
2.0,15,1,0.39115392875127386,-0.48847274043835387,1.9923049808178706,37
2.0,16,1,0.39040150963427966,-0.47268518691335576,1.996507523050246,37
2.0,17,1,0.3904018635081705,-0.46234218764213925,1.9985733961525893,37
2.0,18,1,0.3914576167081211,-0.4494944590581901,2.003857821598909,37
2.0,19,1,0.39445207260311965,-0.44374985913725673,2.0157028280760025,37
2.0,20,1,0.39545251453736063,-0.4360983138056339,2.0197636656570968,36
2.0,21,1,0.3949749131883434,-0.42912688129799476,2.01878585002831,36
2.0,22,1,0.39580734476200546,-0.4235615982953681,2.023245935291345,36
2.0,23,1,0.4004581110875883,-0.41984503191990036,2.035924989307244,36
2.0,24,1,0.40386238160657895,-0.4154193683978513,2.0383034738497328,36
2.0,25,1,0.4047483095514178,-0.41433142924779465,2.0377136771662365,36
2.0,26,1,0.4127344965294392,-0.40778420438693086,2.0430139507669915,36
2.0,27,1,0.4162241237852953,-0.4029495994640793,2.0468028101707865,36
2.0,28,1,0.41766866128106395,-0.4005587299374234,2.049581860084306,36
2.0,29,1,0.41679429117544586,-0.398300901671781,2.0483569568861357,36
2.0,30,1,0.41506086675904474,-0.3978925266686203,2.0517634000177405,36
2.0,31,1,0.41085221586574683,-0.3985582674905856,2.0543827284866722,36
2.0,32,1,0.4061916367125454,-0.3986544657415797,2.048067169619874,36
2.0,33,1,0.4037311722815023,-0.4001086603478299,2.0552059625012458,36
2.0,34,1,0.3986202030044073,-0.4000298161097663,2.0516346023441607,36
2.0,35,1,0.39633580507550975,-0.3993849128827331,2.0535070849367734,36
2.0,36,1,0.39454305972887377,-0.39828824309459226,2.054344735747388,36
2.0,37,1,0.392753604543917,-0.3944156905396352,2.0487096274671455,36
2.0,38,1,0.39328124831306965,-0.3926268414739244,2.049692005530571,36
2.0,39,1,0.39398188937690903,-0.3927902858385479,2.0481687315252017,36
2.0,40,1,0.3942541995846546,-0.39490476663185253,2.0437499099888594,36
2.0,41,1,0.39568105947883764,-0.3996902765760125,2.0399025321068565,36
2.0,42,1,0.3966810340464308,-0.40441162318823604,2.0396033682758223,36
2.0,43,1,0.3955790171593236,-0.4084943379849185,2.0282611387718683,36
2.0,44,1,0.39575020805368966,-0.41351952082532856,2.027207527338967,36
2.0,45,1,0.3956967246710121,-0.41935848487507255,2.0246355250613117,36
2.0,46,1,0.3957862917892808,-0.4211775464210572,2.022151421709232,36
2.0,47,1,0.39570643235504077,-0.4219673280645127,2.0172773698390163,35
2.0,48,1,0.39760669441845153,-0.4235867758927996,2.0145644502918274,35
2.0,49,1,0.400181750725122,-0.4245513144938347,2.016931165012295,35
2.0,50,1,0.4026097861365959,-0.42542635430046044,2.014001050590645,35
2.0,51,1,0.40492051143293506,-0.4268081149851418,2.0108737258734495,35
2.0,52,1,0.4069071222993856,-0.4290616319735792,2.0096451942747193,35
2.0,53,1,0.4083508685016651,-0.4341862975385829,2.013255098702804,35
2.0,54,1,0.40639229173206826,-0.4359679138322779,2.0081034128700197,35
2.0,55,1,0.4028866335237057,-0.4395115954240128,2.010953675263648,35
2.0,56,1,0.39942193880219934,-0.4422185704456366,2.0133715763848863,35
2.0,57,1,0.3938161267565861,-0.4443363492849139,2.0148079719235454,35
2.0,58,1,0.3892692896820429,-0.44529593321555183,2.014411489772997,35
2.0,59,1,0.3844095910284996,-0.44787221229838525,2.0191783677528234,35
2.0,60,1,0.38184076164472724,-0.4521988951853864,2.0255413840940615,35
2.0,61,1,0.3760706635474684,-0.45475951151209676,2.0214496141897125,35
2.0,62,1,0.3735419480385567,-0.45877864022791176,2.0222050576557047,35
2.0,63,1,0.3723866574860302,-0.4648362960438545,2.0260434684680244,35
2.0,64,1,0.3710894424688832,-0.4711434790199777,2.0187554879237934,35
2.0,65,1,0.3718004218127662,-0.47677508209481956,2.0161433900736823,35
2.0,66,1,0.3739956849569347,-0.4827971923723542,2.012350543782323,35
2.0,67,1,0.37663394590741156,-0.4880027309389047,2.011296943034988,35
2.0,68,1,0.3807516674262351,-0.4930954776039552,2.0087219580590125,35
2.0,69,1,0.3837802376348564,-0.4959798024780051,2.0029609848674186,35
2.0,70,1,0.38913444242359074,-0.49994032157513946,2.0040197655296472,35
2.0,71,1,0.39169063488799966,-0.49984308952014483,1.99440615733794,35
2.0,72,1,0.39739225881732054,-0.49993106999544107,1.9905672600092001,35
2.0,73,1,0.40198415724714665,-0.4984629287287701,1.9859999552269583,35
2.0,74,1,0.40661592912088007,-0.497360297059502,1.9828907299381546,35
2.0,75,1,0.4134363952912465,-0.4902266678251576,1.971360979810217,35
2.0,76,1,0.4167439828797784,-0.4880259303405333,1.9714532544749397,35
2.0,77,1,0.4227804060963158,-0.4803737635113118,1.9638713760099917,35
2.0,78,1,0.426687213501289,-0.4727483594187735,1.9604164936316546,35
2.0,79,1,0.43110790284966666,-0.45886926041968845,1.9539914643200835,35
2.0,80,1,0.4346287897662489,-0.447978001229227,1.9565879615499995,35
2.0,81,1,0.43653461351243117,-0.43431472429697177,1.9561588761554565,35
2.0,82,1,0.43742042199653386,-0.4127558038265067,1.9538835266186771,34
2.0,83,1,0.4383956236891711,-0.39738908161092173,1.956803801599064,34
2.0,84,1,0.4388718866537565,-0.37695188136909435,1.9622527086274866,34
2.0,85,1,0.4374621224435446,-0.35562171436240325,1.9653039975258926,34
2.0,86,1,0.43624611634112864,-0.3402538982506784,1.970049360284269,34
2.0,87,1,0.4341861109640476,-0.3218971617990514,1.9764975064528878,34
2.0,88,1,0.43281252688456345,-0.3090187638505829,1.9838629778516932,34
2.0,89,1,0.43089610343818463,-0.29478065665460423,1.9876015892394325,34
2.0,90,1,0.42918244909343745,-0.27878161432330506,1.9908623513862698,34
2.0,91,1,0.4290395335021519,-0.2681663635583406,1.9950554754531715,34
2.0,92,1,0.4291081196001825,-0.2572368215960478,1.997193421093981,34
2.0,93,1,0.4300572357092762,-0.25296216201866706,2.001012677579031,34
2.0,94,1,0.42870046976229037,-0.2492250494615443,1.9950556558001182,34
2.0,95,1,0.4294003050425174,-0.2507653035145754,1.9942828511264674,34
2.0,96,1,0.431502532924987,-0.2581899891501082,1.9918754075407927,34
2.0,97,1,0.4333158012440543,-0.2650228243446975,1.9862082320573593,34
2.0,98,1,0.437308586941363,-0.2751283573815478,1.9834039039838274,34
2.0,99,1,0.4434335910167525,-0.29259309012207885,1.9747978157778472,34
2.0,100,1,0.44801622093763865,-0.3063339274617363,1.9709044570199314,34
2.0,101,1,0.45270243175728275,-0.3281299245386818,1.9605795079188275,34
2.0,102,1,0.45485165109014875,-0.3366323337641601,1.9606706020057016,34
2.0,103,1,0.45889920782075866,-0.35291568972253246,1.9623604846217475,34
2.0,104,1,0.4613895568214905,-0.3648686022794153,1.9606350846595872,34
2.0,105,1,0.464977300198776,-0.37742632062975345,1.9553959348081942,34
2.0,106,1,0.4691532414801712,-0.3851947267731109,1.9530963929626433,34
2.0,107,1,0.47387542931685545,-0.392711473575979,1.9497532468493928,34
2.0,108,1,0.48055332681976126,-0.39974030396090504,1.943951459903819,34
2.0,109,1,0.48520509873654727,-0.4052226284357811,1.93956403572584,34
2.0,110,1,0.4925470040951737,-0.41257644202281196,1.9379578249052019,34
2.0,111,1,0.4969375373323567,-0.4168413208380225,1.9300574293058543,34
2.0,112,1,0.503698305644191,-0.4237560630500171,1.9262803997677873,34
2.0,113,1,0.5088160099809499,-0.42844492091754316,1.9246227914933474,34
2.0,114,1,0.5143844118490243,-0.43296798613790244,1.9181277819109235,34
2.0,115,1,0.5183499387017181,-0.4354261448577506,1.9133545554755973,34
2.0,116,1,0.5256772718438891,-0.4384689685096672,1.9108983727002944,34
2.0,117,1,0.5318474243519902,-0.439441463520045,1.906558721901497,34
2.0,118,1,0.5406505493427786,-0.4399061146058777,1.898690588726418,34
2.0,119,1,0.5478887103175211,-0.43940261152277044,1.8929960252344797,34
2.0,120,1,0.5571304169303529,-0.43935170635778825,1.8913530382486294,34
2.0,121,1,0.5698645084038066,-0.4383641708778095,1.885065966084,34
2.0,122,1,0.578663872016124,-0.4350743417485939,1.8768856233335205,34
2.0,123,1,0.5916741032225422,-0.4320232471628698,1.8682562990274387,34
2.0,124,1,0.5996515907128079,-0.42671252041203855,1.8566899695497574,34
2.0,125,1,0.6112381793113816,-0.4208492230488904,1.8451370709940091,34
2.0,126,1,0.6188565200011962,-0.4136046311288777,1.8352620488167177,34
2.0,127,1,0.6271024453708298,-0.4018125334974414,1.8237306299176284,34
2.0,128,1,0.634122079847856,-0.39015987938848495,1.819705094326118,34
2.0,129,1,0.6387349427985134,-0.37370885197279446,1.8101537953177829,34
2.0,130,1,0.6469930938410539,-0.35016280168154573,1.803806384439944,34
2.0,131,1,0.6532861905823145,-0.33144252390324513,1.798825698369034,34
2.0,132,1,0.6628363775184889,-0.3050087846164958,1.7931427703903347,34
2.0,133,1,0.671287411585407,-0.2879388807013678,1.7891959601349139,33
2.0,134,1,0.6828145923620405,-0.2685002190674174,1.780311326119031,33
2.0,135,1,0.702054239490949,-0.264410047757388,1.803791585856489,33
2.0,136,1,0.7199688947852043,-0.2609208206923556,1.8109543286634746,33
2.0,137,1,0.7098465961969216,-0.25470751337004494,1.7551224828741852,33
2.0,138,1,0.7153692398376634,-0.2620942597263868,1.748857376388062,33
2.0,139,1,0.7190895569294969,-0.27353628465130236,1.7382588173058267,33
2.0,140,1,0.7248199253422609,-0.2927903198338868,1.7241831658044835,33
2.0,141,1,0.7290291463995522,-0.3093365729908889,1.7144357718117331,33
2.0,142,1,0.7351436676615998,-0.33239357995503005,1.703684172529024,33
2.0,143,1,0.7382219480040146,-0.3488526117731639,1.69214373334869,33
2.0,144,1,0.7430180115824186,-0.3641392910662934,1.6850412832810842,33
2.0,145,1,0.7462414891476639,-0.3812886933614734,1.6720623552358302,33
2.0,146,1,0.7466250898791371,-0.39135235941989965,1.663895524329192,33
2.0,147,1,0.7461513387146154,-0.3979718800424094,1.6585314977788217,33
2.0,148,1,0.742596494524468,-0.40295776432321684,1.6491779079197908,33
2.0,149,1,0.7390206743351267,-0.4042289400620882,1.6432999866236249,33
2.0,150,1,0.7347210175039104,-0.40237073871872847,1.6380984601330333,33
2.0,151,1,0.7325444813249051,-0.39985174604187995,1.6351542698903727,33
2.0,152,1,0.7291198808680486,-0.39499768038182237,1.6292326718744314,33
2.0,153,1,0.7253624050344748,-0.38786227057257144,1.6215917985387487,33
2.0,154,1,0.7242823060406924,-0.38283272529833073,1.619446413877523,33
2.0,155,1,0.7236232889324836,-0.3769075948555145,1.6180035107881325,33
2.0,156,1,0.7220537865341417,-0.36557035869871274,1.612457124552765,33
2.0,157,1,0.7231993943065372,-0.35701345821507846,1.6129407968667269,33
2.0,158,1,0.7247879182095416,-0.3422022832102962,1.6129273760630896,33
2.0,159,1,0.7275208385686048,-0.3307241388922552,1.6142660170240886,33
2.0,160,1,0.7335989318935545,-0.3158577821772096,1.6158651908744521,33
2.0,161,1,0.7377095493556123,-0.3027138758882643,1.6134953954826867,33
2.0,162,1,0.7426381678588989,-0.2892350781206889,1.611060316092054,33
2.0,163,1,0.7500870542819188,-0.27131076110429175,1.6081766488248397,33
2.0,164,1,0.7562509000594881,-0.2584038640106372,1.6060421606991064,33
2.0,165,1,0.7613352693768114,-0.24546164302549076,1.6008239768763919,33
2.0,166,1,0.768888219858612,-0.2312964676032334,1.5929387796961512,33
2.0,167,1,0.7717240280557748,-0.22304473769853975,1.5858213666900107,33
2.0,168,0,nan,nan,nan,33
2.0,169,0,nan,nan,nan,32
2.0,170,0,nan,nan,nan,32
2.0,171,0,nan,nan,nan,32
2.0,172,0,nan,nan,nan,32
2.0,173,0,nan,nan,nan,32
2.0,174,0,nan,nan,nan,32
2.0,175,0,nan,nan,nan,32
2.0,176,0,nan,nan,nan,32
2.0,177,0,nan,nan,nan,32
2.0,178,0,nan,nan,nan,32
2.0,179,0,nan,nan,nan,32
2.0,180,0,nan,nan,nan,32
2.0,181,0,nan,nan,nan,32
2.0,182,0,nan,nan,nan,32
2.0,183,0,nan,nan,nan,32
2.0,184,1,0.7687974221448959,-0.35665406031825175,1.5847691164360604,32
2.0,185,1,0.7683183718618862,-0.36515270015390094,1.5898909709152031,32
2.0,186,1,0.7644113173406268,-0.3716055885797826,1.587460995842875,32
2.0,187,1,0.761209957918092,-0.3792147856524206,1.5830000737574665,32
2.0,188,1,0.7602934360695324,-0.3831915400001817,1.579500958551812,32
2.0,189,1,0.7607406100668691,-0.3873237128244817,1.5773994523329158,32
2.0,190,1,0.7599180397258732,-0.389369971051415,1.5742788570520792,32
2.0,191,1,0.7588030631508295,-0.39121061798519857,1.571613124248636,32
2.0,192,1,0.7570010445424098,-0.3905366087390963,1.5686940179803297,32
2.0,193,1,0.7538750682872075,-0.3879438995515304,1.5643162402714414,32
2.0,194,1,0.751791422486635,-0.38372276217815965,1.5619744000508,32
2.0,195,1,0.7492562013347418,-0.3789280216747127,1.559487498543454,32
2.0,196,1,0.7465161023720365,-0.3720011059161931,1.5574609203215892,32
2.0,197,1,0.7458543977068622,-0.3673756381816,1.5559760548003825,32
2.0,198,1,0.7440865371892382,-0.36170970087121573,1.5507838832777932,32
2.0,199,1,0.7445938050816833,-0.3556226142821495,1.5485483322092304,32
2.0,200,1,0.7435483533941033,-0.3514329070637872,1.5445470456029162,32
2.0,201,1,0.7420156667002015,-0.34623660247747173,1.5396909314902536,32
2.0,202,1,0.7399730543967348,-0.3432150609392873,1.5335891672392903,32
2.0,203,1,0.7375098719204453,-0.34059931309207114,1.525562206145081,32
2.0,204,1,0.7327312818635592,-0.3357383609310156,1.5089233026188178,31
2.0,205,0,nan,nan,nan,31
2.0,206,0,nan,nan,nan,31
2.0,207,0,nan,nan,nan,31
2.0,208,0,nan,nan,nan,31
2.0,209,0,nan,nan,nan,31
2.0,210,0,nan,nan,nan,31
2.0,211,0,nan,nan,nan,31
2.0,212,0,nan,nan,nan,31
2.0,213,0,nan,nan,nan,31
2.0,214,0,nan,nan,nan,31
2.0,215,0,nan,nan,nan,31
2.0,216,0,nan,nan,nan,31
2.0,217,0,nan,nan,nan,31
2.0,218,0,nan,nan,nan,31
2.0,219,0,nan,nan,nan,31
2.0,220,0,nan,nan,nan,31
2.0,221,0,nan,nan,nan,31
2.0,222,0,nan,nan,nan,31
2.0,223,0,nan,nan,nan,31
2.0,224,0,nan,nan,nan,31
2.0,225,0,nan,nan,nan,31
2.0,226,0,nan,nan,nan,31
2.0,227,0,nan,nan,nan,31
2.0,228,0,nan,nan,nan,31
2.0,229,0,nan,nan,nan,31
2.0,230,0,nan,nan,nan,31
2.0,231,0,nan,nan,nan,31
2.0,232,0,nan,nan,nan,31
2.0,233,0,nan,nan,nan,31
2.0,234,0,nan,nan,nan,31
2.0,235,0,nan,nan,nan,31
2.0,236,0,nan,nan,nan,31
2.0,237,0,nan,nan,nan,31
2.0,238,0,nan,nan,nan,31
2.0,239,0,nan,nan,nan,30
2.0,240,0,nan,nan,nan,30
2.0,241,0,nan,nan,nan,30
2.0,242,0,nan,nan,nan,30
2.0,243,0,nan,nan,nan,30
2.0,244,0,nan,nan,nan,30
2.0,245,0,nan,nan,nan,30
2.0,246,0,nan,nan,nan,30
2.0,247,0,nan,nan,nan,30
2.0,248,0,nan,nan,nan,30
2.0,249,0,nan,nan,nan,30
2.0,250,0,nan,nan,nan,30
2.0,251,0,nan,nan,nan,30
2.0,252,0,nan,nan,nan,30
2.0,253,0,nan,nan,nan,30
2.0,254,0,nan,nan,nan,30
2.0,255,0,nan,nan,nan,30
2.0,256,0,nan,nan,nan,30
2.0,257,0,nan,nan,nan,30
2.0,258,0,nan,nan,nan,30
2.0,259,0,nan,nan,nan,30
2.0,260,0,nan,nan,nan,30
2.0,261,0,nan,nan,nan,30
2.0,262,0,nan,nan,nan,30
2.0,263,0,nan,nan,nan,30
2.0,264,0,nan,nan,nan,30
2.0,265,0,nan,nan,nan,29
2.0,266,0,nan,nan,nan,29
2.0,267,0,nan,nan,nan,29
2.0,268,0,nan,nan,nan,29
2.0,269,0,nan,nan,nan,29
2.0,270,0,nan,nan,nan,29
2.0,271,0,nan,nan,nan,29
2.0,272,0,nan,nan,nan,29
2.0,273,0,nan,nan,nan,29
2.0,274,0,nan,nan,nan,29
2.0,275,0,nan,nan,nan,29
2.0,276,0,nan,nan,nan,29
2.0,277,0,nan,nan,nan,29
2.0,278,0,nan,nan,nan,29
2.0,279,0,nan,nan,nan,29
2.0,280,0,nan,nan,nan,29
2.0,281,0,nan,nan,nan,29
2.0,282,0,nan,nan,nan,29
2.0,283,0,nan,nan,nan,29
2.0,284,0,nan,nan,nan,29
2.0,285,0,nan,nan,nan,29
2.0,286,0,nan,nan,nan,29
2.0,287,0,nan,nan,nan,29
2.0,288,0,nan,nan,nan,29
2.0,289,0,nan,nan,nan,29
2.0,290,0,nan,nan,nan,29
2.0,291,0,nan,nan,nan,29
2.0,292,0,nan,nan,nan,29
2.0,293,0,nan,nan,nan,29
2.0,294,0,nan,nan,nan,29
2.0,295,0,nan,nan,nan,29
2.0,296,0,nan,nan,nan,29
2.0,297,0,nan,nan,nan,29
2.0,298,0,nan,nan,nan,29
2.0,299,0,nan,nan,nan,29
2.5,0,1,0.7140626681593996,-0.5419096898766904,2.580574158018462,26
2.5,1,1,0.7100033180483616,-0.5380507593233225,2.5743864070087255,26
2.5,2,1,0.7093399239739375,-0.5359453357595619,2.584403339577284,26
2.5,3,1,0.7053512434189806,-0.5325680212223571,2.5807583704559933,26
2.5,4,1,0.7032820864325202,-0.5312945877316592,2.582005005191571,26
2.5,5,1,0.702659742887914,-0.5317676446650752,2.588026986430612,26
2.5,6,1,0.7024028776487353,-0.5322997646526153,2.5941159706144883,26
2.5,7,1,0.7025977304874591,-0.5344201236188917,2.595193225121829,26
2.5,8,1,0.7036979926861368,-0.534566890251134,2.5935820792761106,26
2.5,9,1,0.7093169560254403,-0.5374467586572885,2.6074240818630203,26
2.5,10,1,0.7117056369216368,-0.5384618061124642,2.6069283682567135,26
2.5,11,1,0.7144971533661215,-0.5385132953706052,2.607680741404256,26
2.5,12,1,0.71680704966057,-0.5328435177934007,2.6064674964561676,26
2.5,13,1,0.7204475249475386,-0.5313265728954659,2.6134019303206912,26
2.5,14,1,0.7260579580910347,-0.5295833873101771,2.6180599479685855,26
2.5,15,1,0.7309679804467004,-0.5292672994193403,2.6218588703855805,26
2.5,16,1,0.7333429850837749,-0.5251622567119912,2.6120992222458796,25
2.5,17,1,0.738372274302444,-0.525068640670867,2.6159229227068566,25
2.5,18,1,0.7454845925360849,-0.523674514059301,2.623747586994865,25
2.5,19,1,0.7482407900796614,-0.5233613517821282,2.622487131238836,25
2.5,20,1,0.7517874681963902,-0.5240706394331253,2.623898541395509,25
2.5,21,1,0.7542148899320289,-0.5252503635080014,2.6286765856884924,25
2.5,22,1,0.7561178763944923,-0.527514310750952,2.6328535254616825,25
2.5,23,1,0.7608101931470699,-0.5301905179723359,2.6481132838097947,25
2.5,24,1,0.7590675899690054,-0.5315140693398789,2.642137139388104,25
2.5,25,1,0.7603778712525995,-0.5344774306943708,2.645472664962307,25
2.5,26,1,0.76110478983305,-0.5370878790116201,2.6446772677818617,25
2.5,27,1,0.7631409225446228,-0.5416215685977075,2.647205434775671,25
2.5,28,1,0.7645606860616603,-0.5463732854882813,2.6446609377949986,25
2.5,29,1,0.765211458094901,-0.5482487651305146,2.63984257204826,25
2.5,30,1,0.7642265474141281,-0.5464856285291007,2.6344228745208604,25
2.5,31,1,0.763993510035072,-0.5452059740287518,2.6349765379438024,25
2.5,32,1,0.7638085479715961,-0.5422088291315962,2.63444525821818,25
2.5,33,1,0.763552437175131,-0.53899813864194,2.6335517078534783,25
2.5,34,1,0.7622551743684615,-0.533247421326277,2.6304556194457165,25
2.5,35,1,0.7619981516731463,-0.5285886785266471,2.62767932867242,25
2.5,36,1,0.7612451145483566,-0.5214072436875891,2.624307897471508,25
2.5,37,1,0.7612211027019744,-0.5158424495519051,2.624432940455079,25
2.5,38,1,0.764208921478643,-0.5117269918563759,2.630014193401125,25
2.5,39,1,0.7628901840660705,-0.5081203132158897,2.6190887177058455,25
2.5,40,1,0.7668484258732313,-0.5055133217812444,2.6223607016925947,25
2.5,41,1,0.7686922061595753,-0.5051624972867222,2.618482749575716,25
2.5,42,1,0.7702853727221713,-0.5005648229608446,2.6123017505329815,24
2.5,43,1,0.7733315719361524,-0.49816448302332167,2.614037320135608,24
2.5,44,1,0.7756625897464787,-0.4935963530823864,2.607619526908478,24
2.5,45,1,0.7788303479152908,-0.4906385443489634,2.6085571552222584,24
2.5,46,1,0.7806930537588778,-0.4874616223248644,2.6041631545764528,24
2.5,47,1,0.7829802333547852,-0.4867202684105444,2.5989091610396184,24
2.5,48,1,0.7819909543417567,-0.4872276767782333,2.5910920279120377,24
2.5,49,1,0.7819853033994963,-0.48452663944292984,2.5930864282946864,24
2.5,50,1,0.779408861180832,-0.48138036128249706,2.5885087217107308,24
2.5,51,1,0.777377925553456,-0.4793241280106675,2.587935114919819,24
2.5,52,1,0.7733745343579302,-0.47557798687128244,2.5885337642684054,24
2.5,53,1,0.7678841739940174,-0.46900471154933426,2.584282727333473,24
2.5,54,1,0.7630477438978062,-0.461332816178702,2.588218057836794,24
2.5,55,1,0.758681472595955,-0.4555766007001784,2.5862270759757746,24
2.5,56,1,0.7513303706526779,-0.4442503830033446,2.573798460071028,24
2.5,57,1,0.7505431421283638,-0.4395527994549972,2.578543114172743,24
2.5,58,1,0.7473632522447975,-0.4313658401414632,2.5823898074519307,24
2.5,59,1,0.7424397246773271,-0.4269407074448074,2.5767553385451243,24
2.5,60,1,0.7384879333829832,-0.42319481720786445,2.578070197153447,24
2.5,61,1,0.736439968335688,-0.4225783211584341,2.585244597684262,24
2.5,62,1,0.7315161142675259,-0.4231460217566183,2.5873261765141495,24
2.5,63,1,0.7273134203163593,-0.4252729970263745,2.5894752612553855,24
2.5,64,1,0.7249935862481119,-0.42894680291002857,2.5991591132846423,24
2.5,65,1,0.7174034783344491,-0.43413270523957903,2.5929432431138615,24
2.5,66,1,0.7139460808779519,-0.44186118015040965,2.5978720087696923,24
2.5,67,1,0.7136880563108301,-0.4482357043191254,2.604500057450948,24
2.5,68,1,0.7103417473025162,-0.454409631264381,2.5975593204865213,23
2.5,69,1,0.7097101674008114,-0.46458885904344477,2.596471708414,23
2.5,70,1,0.7099720015327914,-0.4728350803544593,2.5936568983430006,23
2.5,71,1,0.7111267279545764,-0.48102535059055623,2.5942532623728636,23
2.5,72,1,0.7105164173808033,-0.48604938977887213,2.585190659292196,23
2.5,73,1,0.7123499380863205,-0.4930200547752567,2.585029238005174,23
2.5,74,1,0.7128798161720544,-0.49594763929720875,2.5820851716739406,23
2.5,75,1,0.7116134517266024,-0.5003036968847709,2.5696067721561424,23
2.5,76,1,0.711562916688155,-0.5034236871661231,2.5655616341453924,23
2.5,77,1,0.7144837601596497,-0.5096344763649654,2.5671556007873235,23
2.5,78,1,0.7159444898951134,-0.5132097055942849,2.565448300056084,23
2.5,79,1,0.7196474893363866,-0.5184694601522708,2.567375399694226,23
2.5,80,1,0.7198574975852247,-0.518523282003871,2.5592532408421174,23
2.5,81,1,0.7238616464436906,-0.5185001698879337,2.5603132994589655,23
2.5,82,1,0.7262325562531153,-0.5160189096657891,2.5597052521497234,23
2.5,83,1,0.7291461186580696,-0.5144019319073166,2.5617970152220857,23
2.5,84,1,0.7296791290345074,-0.5108491648850952,2.5597450005525686,23
2.5,85,1,0.7323780623062134,-0.5075759829815591,2.563136189531375,23
2.5,86,1,0.733502860327282,-0.5055233522196793,2.5617212848707607,23
2.5,87,1,0.7346529445211295,-0.5029767946059315,2.5565952679629,23
2.5,88,1,0.7374096465634513,-0.5028889675559125,2.5622261949686913,23
2.5,89,1,0.7389389097498985,-0.49908159381468364,2.558770475925093,23
2.5,90,1,0.7405905245775567,-0.49740616119765985,2.5594993532362564,23
2.5,91,1,0.7424173721449389,-0.49523829821483245,2.5639984369534226,23
2.5,92,1,0.7422592365947188,-0.4933199744463327,2.5650062305435513,23
2.5,93,1,0.7413662882579702,-0.4902783653645491,2.5641256036823536,23
2.5,94,1,0.7421606866404703,-0.48687039473496463,2.567898165356001,23
2.5,95,1,0.7413475856531071,-0.48279143086737997,2.565554258535016,23
2.5,96,1,0.7426343233896198,-0.48227844645866325,2.5683411582483835,23
2.5,97,1,0.7490038849397102,-0.48509001484460884,2.5825488668350336,23
2.5,98,1,0.7476897974113575,-0.4839540361856038,2.5720040984854524,23
2.5,99,1,0.7506307309935757,-0.4882149352536402,2.575716016661271,23
2.5,100,1,0.7558371052725761,-0.4953208600072479,2.587746260092046,23
2.5,101,1,0.7549110133156964,-0.502274517842379,2.5800642215802974,23
2.5,102,1,0.7560538784125697,-0.5105646948412975,2.5846902680402466,22
2.5,103,1,0.7547899748649146,-0.5205946110712067,2.5804254523417334,22
2.5,104,1,0.7549952809130678,-0.5286878708853363,2.5806460440480277,22
2.5,105,1,0.7539340945526523,-0.5355454144923866,2.578050535081357,22
2.5,106,1,0.7540871671526835,-0.5406861833526597,2.580673636867682,22
2.5,107,1,0.7517101036064352,-0.5455393437959581,2.577439096713262,22
2.5,108,1,0.7507065693719698,-0.5505740001859832,2.577775302275239,22
2.5,109,1,0.7505779858480659,-0.5553285694950735,2.583891155261308,22
2.5,110,1,0.750195674598221,-0.5574030662000241,2.587371183593812,22
2.5,111,1,0.7481146898282565,-0.5590720487668074,2.5841458179028813,22
2.5,112,1,0.7470871031889893,-0.5589594594855405,2.5848834463541586,22
2.5,113,1,0.7461937336509227,-0.5619307110443057,2.5856773750052944,22
2.5,114,1,0.7426432052442667,-0.5624841416475175,2.5779602092471796,22
2.5,115,1,0.7409930135254761,-0.5602002439274494,2.5784121036716243,22
2.5,116,1,0.7407461832269524,-0.5593685972502502,2.579656904223036,22
2.5,117,1,0.7436731004500179,-0.5610782628261655,2.586491096664556,22
2.5,118,1,0.7447837855498232,-0.5603279667175233,2.5837750150464927,22
2.5,119,1,0.7472701298897111,-0.5570048664859817,2.5795904247869816,22
2.5,120,1,0.7496611882500045,-0.5555072860052928,2.5768320517234677,22
2.5,121,1,0.7517113486911983,-0.5547616935355599,2.571783934680616,22
2.5,122,1,0.757841289210489,-0.5575406572399304,2.573753366989876,22
2.5,123,1,0.7610459286287866,-0.5592459168346314,2.5706252488442978,22
2.5,124,1,0.7646708054138106,-0.5619889211847829,2.563673647525538,22
2.5,125,1,0.7662044866825725,-0.5630955213211555,2.5578517811078605,22
2.5,126,1,0.7678987540712844,-0.5650822281433997,2.55014561852142,22
2.5,127,1,0.7705536782586029,-0.567308450465529,2.549285300794734,22
2.5,128,1,0.7714371012446724,-0.571198037911865,2.5430211392828848,22
2.5,129,1,0.7709109013415292,-0.5734594833387187,2.5380589072469304,22
2.5,130,1,0.7722404072779188,-0.5829599579462805,2.539156005648289,22
2.5,131,1,0.770981545102425,-0.5850097710514793,2.535521847185091,22
2.5,132,1,0.7684216105100147,-0.5907054876439737,2.5285490207919734,22
2.5,133,1,0.76762985283934,-0.5951258039756581,2.5292162005986314,22
2.5,134,1,0.7661200898383469,-0.5984013973201263,2.5332764938749546,22
2.5,135,1,0.7654934585796725,-0.6002494820698336,2.537114861886455,22
2.5,136,1,0.7640801412708226,-0.6008702279121364,2.5366503115205474,22
2.5,137,1,0.7619411001486434,-0.5982891173109974,2.5314858571520364,22
2.5,138,1,0.7618117102845169,-0.5940489715108003,2.5338005868514886,22
2.5,139,1,0.7641034018471348,-0.5919425580180208,2.5434666729427224,22
2.5,140,1,0.7627133193660924,-0.5868029709319514,2.539746892290441,22
2.5,141,1,0.7639172244252211,-0.5833661736014524,2.547274280261647,22
2.5,142,1,0.7613972533978984,-0.5764681850889961,2.5452672593790218,22
2.5,143,1,0.7605666360577459,-0.5736998991011233,2.548734724144339,22
2.5,144,1,0.7598468558491334,-0.573600057480539,2.552245518899208,22
2.5,145,1,0.7581933739898077,-0.5742100536406286,2.5495142928645915,22
2.5,146,1,0.7591437234109285,-0.5774530200660165,2.556209969664567,22
2.5,147,1,0.7607769975346846,-0.5807554281965315,2.562578975777559,22
2.5,148,1,0.7612835870328835,-0.5818144745487636,2.562845225565521,22
2.5,149,1,0.7602436651659168,-0.582506389583207,2.554714577424416,22
2.5,150,1,0.7632637031932188,-0.5839886532544492,2.5559635031192163,22
2.5,151,1,0.7640524575598064,-0.5809034927969107,2.55173876170785,22
2.5,152,1,0.7670105041103225,-0.57883878252312,2.5512453871843452,22
2.5,153,1,0.7687483155588715,-0.5737472239557316,2.5405861699570753,22
2.5,154,1,0.7718931785070696,-0.568189833720862,2.539802720643789,22
2.5,155,1,0.7745061356841666,-0.5619872986016347,2.5309059388326625,22
2.5,156,1,0.7784307961440902,-0.5567125112229141,2.5268048138176162,22
2.5,157,1,0.7804100231836366,-0.5532448976414708,2.520721975715163,22
2.5,158,1,0.7807623414467957,-0.5498187502761187,2.5107357385860616,22
2.5,159,1,0.7824975940020148,-0.5480153122142841,2.507529845470391,22
2.5,160,1,0.7835706436625095,-0.5466002121878091,2.504263810916512,22
2.5,161,1,0.7825376828274959,-0.544566109601305,2.5012792522004927,22
2.5,162,1,0.780096057284749,-0.5445809838685921,2.5004939793319036,22
2.5,163,1,0.7761408154631573,-0.5452207551302309,2.4964008586897166,22
2.5,164,1,0.7737113878014072,-0.550249750301236,2.5045029404120296,22
2.5,165,1,0.7676373965689415,-0.5521279161570727,2.4934558368008104,22
2.5,166,1,0.765338233406714,-0.5562683772984419,2.4972324097629506,22
2.5,167,1,0.7640085863627746,-0.5596601005396389,2.4973961450797635,22
2.5,168,1,0.7637596076343119,-0.5638738217748513,2.497530533057587,22
2.5,169,1,0.7652293155522987,-0.5689558689193771,2.4996113635742616,22
2.5,170,1,0.7663707810890565,-0.5744836110966762,2.4985787227453002,22
2.5,171,1,0.7661978148598505,-0.5754857120532086,2.4910881520385337,22
2.5,172,1,0.7693205729249017,-0.5750014550592428,2.489803337584697,22
2.5,173,1,0.7722786847683412,-0.5768702916880318,2.488483264678486,22
2.5,174,1,0.7763506427186161,-0.5793975980979299,2.491756196091562,22
2.5,175,1,0.7785068142873407,-0.5801985672540909,2.486861359506825,22
2.5,176,1,0.7813994461122009,-0.58074577107466,2.4865157204315183,22
2.5,177,1,0.7808017995529271,-0.5801519451968515,2.475452309028793,22
2.5,178,1,0.7818699397283758,-0.577980920645433,2.478209580572396,22
2.5,179,1,0.7820595615750638,-0.576009810718678,2.481003456022752,21
2.5,180,1,0.7795842878418079,-0.5719278848513264,2.475784240281772,21
2.5,181,1,0.7798448376669876,-0.5711842515185585,2.48226888223396,21
2.5,182,1,0.7790935019608761,-0.5690375599288743,2.4827223928024487,21
2.5,183,1,0.7795693163765511,-0.5680075909225079,2.4842492473340894,21
2.5,184,1,0.7804922957686018,-0.5681045629845112,2.488111643260639,21
2.5,185,1,0.78444888855103,-0.5704684608430789,2.504415987462852,21
2.5,186,1,0.7814542517690001,-0.571161493362417,2.4955313481496084,21
2.5,187,1,0.7817457878089422,-0.5740399671841917,2.4947335764539393,21
2.5,188,1,0.7832789379393912,-0.5786231599128423,2.497070122092681,21
2.5,189,1,0.785036636023899,-0.5823360218236637,2.500009414058337,21
2.5,190,1,0.7870111750750787,-0.5854758291793382,2.5021318838019626,21
2.5,191,1,0.7899772262859365,-0.5878735001655175,2.5080012245022476,21
2.5,192,1,0.7890707743180193,-0.5867589368379614,2.5021580625679114,21
2.5,193,1,0.7946550536816435,-0.5892213117370335,2.5157636721908614,21
2.5,194,1,0.7930859024261384,-0.5860454574259926,2.5074920890951464,21
2.5,195,1,0.7967929933596324,-0.5832861493581722,2.514933789098797,21
2.5,196,1,0.7984655133679789,-0.5791459318004891,2.5138632037266233,21
2.5,197,1,0.7990611718781848,-0.5726076150142398,2.5123039782929184,21
2.5,198,1,0.7974327092471281,-0.5663418846976963,2.5078448783462806,21
2.5,199,1,0.8001710665534885,-0.561768054886404,2.5146978828012365,21
2.5,200,1,0.8030217714657877,-0.5607395764327882,2.517600361700747,21
2.5,201,1,0.80459736020943,-0.5558315724137503,2.5112613925731178,21
2.5,202,1,0.8080115912898512,-0.5526100046018161,2.5114327578154705,21
2.5,203,1,0.8098997791764367,-0.5476770635033146,2.505907852053132,21
2.5,204,1,0.8133935665883755,-0.5465252381253279,2.5119605461075656,21
2.5,205,1,0.812585629055461,-0.5435632088730166,2.509577885288512,21
2.5,206,1,0.8134293710793673,-0.5422460613317096,2.5162305861033736,21
2.5,207,1,0.8101472340353153,-0.5398299188888074,2.5144904491148172,21
2.5,208,1,0.8084829986509762,-0.5422760077912672,2.5194040597312592,21
2.5,209,1,0.8076986157298258,-0.5449266604712221,2.5230329477102993,21
2.5,210,1,0.8054354071982145,-0.5473346085197429,2.5200349430483255,21
2.5,211,1,0.8063646099107549,-0.5585029761235478,2.5331293149192997,21
2.5,212,1,0.8058357313132009,-0.5648294273095945,2.5349729293832537,21
2.5,213,1,0.807106770234118,-0.5703066739778674,2.541325634801606,21
2.5,214,1,0.8060827482756129,-0.5720583446160691,2.5416378030602162,20
2.5,215,1,0.8048266336293367,-0.5700335974476969,2.5443168502972413,20
2.5,216,1,0.804357090751198,-0.5685744992654664,2.547112954864905,20
2.5,217,1,0.8027867130440637,-0.5635428090696429,2.5497521326579227,20
2.5,218,1,0.8052509499831025,-0.5608482835189357,2.563699934902351,20
2.5,219,1,0.8014954325958021,-0.5517571094180498,2.557358255884014,20
2.5,220,1,0.7990689662521301,-0.5399249832645949,2.5583695732993417,20
2.5,221,1,0.8001381926638365,-0.5331050182437083,2.566609693596446,20
2.5,222,1,0.7986820314154119,-0.5241170244155828,2.5708576348814325,20
2.5,223,1,0.7961102533859372,-0.5176246175965841,2.5688853941202043,20
2.5,224,1,0.7949059690629434,-0.512473948653201,2.5688035549084547,20
2.5,225,1,0.7973816068897486,-0.508717207859204,2.5795963759393863,20
2.5,226,1,0.7949521364102936,-0.5053879579656102,2.573831305872073,20
2.5,227,1,0.7938047616863817,-0.5035832984598596,2.570811889430974,20
2.5,228,1,0.7954292095174919,-0.5048317128883548,2.573709245947387,20
2.5,229,1,0.7969798928377649,-0.5038872450742241,2.5748917083237797,20
2.5,230,1,0.7966265243557482,-0.502872162286846,2.566534624913053,20
2.5,231,1,0.8019405291557824,-0.5055300090963404,2.569756405660496,20
2.5,232,1,0.8063746637623113,-0.5075168820397947,2.5712079402566257,20
2.5,233,1,0.8103876058002383,-0.5077970786791479,2.5709748008627207,20
2.5,234,1,0.8141657592648301,-0.5071254555113262,2.566386232750673,20
2.5,235,1,0.8201917214254427,-0.5091447793338937,2.571940930979032,20
2.5,236,1,0.8218509833328812,-0.506184785364433,2.571331008455383,20
2.5,237,1,0.8248623793053718,-0.5036223560136341,2.578026973832027,20
2.5,238,1,0.8258487168861177,-0.4965958872151125,2.580560302771695,20
2.5,239,1,0.8251340928801655,-0.4912833652717242,2.580191849341414,20
2.5,240,1,0.8251789031667185,-0.48662828604862873,2.5845429161669755,20
2.5,241,1,0.823659856510915,-0.4840866240716227,2.5860247949227677,20
2.5,242,1,0.8196951304310116,-0.47936348465159245,2.5856964295702305,20
2.5,243,1,0.8203225362154765,-0.48084514449197785,2.6003526290348664,20
2.5,244,1,0.8106101583772853,-0.4763086385690397,2.589537055614702,20
2.5,245,1,0.8065154793702063,-0.47744781521140456,2.5915199624373737,20
2.5,246,1,0.7994005624604367,-0.47742946229065536,2.5901268307888152,20
2.5,247,1,0.7946174816561398,-0.4791800953490486,2.590055844470451,20
2.5,248,1,0.7907485055623761,-0.4838523685537735,2.5940652306856884,20
2.5,249,1,0.7858659435554213,-0.486317866642432,2.586567477252099,20
2.5,250,1,0.7830063314337167,-0.4936516929885898,2.585942317595992,20
2.5,251,1,0.7819207978777385,-0.4989712059364456,2.5899510868199975,20
2.5,252,1,0.779561198042161,-0.5050487563861593,2.5861335661850102,20
2.5,253,1,0.7781527243717856,-0.5109782113986563,2.5856723801757764,20
2.5,254,1,0.7782872629990524,-0.5206332118886688,2.590673208091647,20
2.5,255,1,0.7765376276799552,-0.5262384793924889,2.589024739987135,20
2.5,256,1,0.7744473606126777,-0.5328596809569603,2.584905537945323,20
2.5,257,1,0.7748378134690925,-0.540516760686427,2.585105822917854,20
2.5,258,1,0.7751340587145105,-0.5456300084655981,2.583066703930139,19
2.5,259,1,0.7730688955076941,-0.5499795839875194,2.573634544141805,19
2.5,260,1,0.7723661183495507,-0.5520882396523876,2.5673052375479033,19
2.5,261,1,0.7710810297035261,-0.551618117794802,2.5595658825128025,19
2.5,262,1,0.7708048500308364,-0.5518116361940247,2.5586033417987832,19
2.5,263,1,0.7710399199107992,-0.5510317634256733,2.560042645765798,19
2.5,264,1,0.769857246701787,-0.5487733173860022,2.556388203356102,19
2.5,265,1,0.770686646635512,-0.5497442956199805,2.5587674691022695,19
2.5,266,1,0.7707737785793048,-0.5518712749522284,2.5560379298324483,19
2.5,267,1,0.771081830000229,-0.555209140160753,2.554639244106457,19
2.5,268,1,0.7741285986058538,-0.5607129734650467,2.5558037695234472,19
2.5,269,1,0.7760542055609411,-0.5639115257002144,2.5519534292845303,19
2.5,270,1,0.7805504884586807,-0.5707706039113976,2.5517331781143646,19
2.5,271,1,0.7832032717697502,-0.5738606351115862,2.5483426793235857,19
2.5,272,1,0.7863666290911329,-0.5731516696072645,2.54544848379878,19
2.5,273,1,0.7895215217833608,-0.5716427576045684,2.546534938012408,19
2.5,274,1,0.7924248240237923,-0.5691063788170824,2.54464248868528,19
2.5,275,1,0.795248674294895,-0.5640638674388523,2.5478725361539687,19
2.5,276,1,0.7953295540671812,-0.552516399675347,2.542426396438369,19
2.5,277,1,0.7966700752994251,-0.5372440764830799,2.5415511249217837,19
2.5,278,1,0.7973076526543114,-0.523426635673342,2.5422904303171676,19
2.5,279,1,0.7984357545687975,-0.5090022641003239,2.5467954695009207,19
2.5,280,1,0.7990700408051286,-0.4895363379717904,2.5523718457402658,19
2.5,281,1,0.7991768779883636,-0.47359587379301965,2.554995670277819,19
2.5,282,1,0.7999724489037346,-0.4578487445480269,2.5573496816982146,19
2.5,283,1,0.8034740083243436,-0.44851066554439945,2.56921670598199,19
2.5,284,1,0.8048452817704328,-0.43586202788067285,2.571308692914219,19
2.5,285,1,0.8065313976127999,-0.4293777787770135,2.5724807919860186,19
2.5,286,1,0.8115419818590682,-0.42749615522905277,2.5821454570226217,19
2.5,287,1,0.8149673143016292,-0.4236797305938816,2.5873146295168867,19
2.5,288,1,0.8195115119789179,-0.41999075986936757,2.591700094268014,19
2.5,289,1,0.8186685355166774,-0.4140749138514929,2.581604907868245,19
2.5,290,1,0.8233261400211467,-0.41394531360082343,2.5872072633179486,19
2.5,291,1,0.8246636782665565,-0.4143059953160519,2.585848264099769,19
2.5,292,1,0.8263888722514874,-0.417716458725142,2.5872958563280744,18
2.5,293,1,0.8259137057350135,-0.4198489977251474,2.5797317684960435,18
2.5,294,1,0.8272320629773887,-0.4239634443302086,2.5808940845881048,18
2.5,295,1,0.826988814349703,-0.43015534504180547,2.576424386074453,18
2.5,296,1,0.8262134925040117,-0.4337994383947749,2.5720498871780864,18
2.5,297,1,0.8273324948535928,-0.43908457281078583,2.5741465501430714,18
2.5,298,1,0.8288319992232213,-0.44236049315173553,2.5765282250017414,18
2.5,299,1,0.8296784438073159,-0.4496223825864583,2.577814814572074,18
3.0,0,1,0.8853758980032205,-0.611893202855434,3.016411446308277,17
3.0,1,1,0.8874467950691097,-0.6128191294795713,3.0187860284811725,17
3.0,2,1,0.890762075564348,-0.6176919163392051,3.0227974699455125,17
3.0,3,1,0.8940841404477359,-0.625147530385382,3.025560857566008,17
3.0,4,1,0.8992901599420051,-0.6343442799029041,3.03501698151861,17
3.0,5,1,0.8994593325281238,-0.6403478580739389,3.0261211380340858,17
3.0,6,1,0.9033915679635098,-0.6477253434681086,3.0299983024139308,17
3.0,7,1,0.9066927527284203,-0.6590675842210237,3.0295579690777608,17
3.0,8,1,0.9061135874389349,-0.6674227484635417,3.026193241441499,17
3.0,9,1,0.910288896208031,-0.6798927109120809,3.0420581140607523,17
3.0,10,1,0.9111368944913374,-0.6846668885748222,3.049912271986922,17
3.0,11,1,0.9061485073461193,-0.6830885471852013,3.038259401421995,17
3.0,12,1,0.9056797303810021,-0.6809401822771949,3.042500902980416,17
3.0,13,1,0.904227430504658,-0.6798643958755807,3.0457638163306404,17
3.0,14,1,0.9016673269129162,-0.6778119242642328,3.0448002081122474,17
3.0,15,1,0.9051521163111629,-0.6798270811913675,3.058088240519568,16
3.0,16,1,0.9050046025408168,-0.6786571767650754,3.0546712635584092,16
3.0,17,1,0.9088362445410745,-0.6812401488977632,3.064721661803313,16
3.0,18,1,0.9124488849967444,-0.6832148108326261,3.0689817918712277,16
3.0,19,1,0.9105622370974257,-0.6797231954491749,3.057686398581991,16
3.0,20,1,0.9147121706683015,-0.6782057677068417,3.0612674090795142,16
3.0,21,1,0.9151698617021625,-0.6753982102810634,3.0529481923230035,16
3.0,22,1,0.9173881760157971,-0.6687190518999467,3.052679632982491,16
3.0,23,1,0.9189769634417003,-0.6646799596478095,3.054813994774362,16
3.0,24,1,0.9211014381448347,-0.6615793856488741,3.0579358675616315,16
3.0,25,1,0.9233499044937855,-0.6567013147550849,3.0613244573083374,16
3.0,26,1,0.9217075830868916,-0.6515659712103778,3.0525232473176165,16
3.0,27,1,0.9236399111860957,-0.6519171408697193,3.063073663448828,16
3.0,28,1,0.915327171380831,-0.6457870663839966,3.047954134931549,16
3.0,29,1,0.9136945852642105,-0.6464873502484606,3.0540211107173842,16
3.0,30,1,0.9104152056334395,-0.6451346230877278,3.0539176625486495,16
3.0,31,1,0.907268522805531,-0.6460569672090458,3.056808705074008,16
3.0,32,1,0.9037254258760973,-0.6464732852292169,3.0511211748501603,16
3.0,33,1,0.9035934420294894,-0.6495204610050411,3.0616551431309613,16
3.0,34,1,0.8974910583691041,-0.6468700570832285,3.0482813550635535,16
3.0,35,1,0.8956017999592676,-0.6479359715391099,3.0529318241663166,16
3.0,36,1,0.8912177914504953,-0.6471238746857396,3.0546594614026654,16
3.0,37,1,0.8895138979182319,-0.6488444184694456,3.06078924131163,16
3.0,38,1,0.8881555255737716,-0.6480922114585146,3.0622312023501213,16
3.0,39,1,0.8855594057133916,-0.6486905274649338,3.0560934592816107,16
3.0,40,1,0.890090914997798,-0.6538233265717567,3.072012796906544,16
3.0,41,1,0.8903865467923352,-0.653405052442762,3.070241534132545,16
3.0,42,1,0.8915208106872544,-0.6540028902056091,3.0667143380100708,16
3.0,43,1,0.8966933070278923,-0.6582533667247418,3.072107262568858,16
3.0,44,1,0.9001625135494374,-0.6598447562833919,3.067659636424178,16
3.0,45,1,0.9080837108604086,-0.6672236459962526,3.0757844912462677,16
3.0,46,1,0.9110693501734042,-0.6704942294470819,3.070317362468847,16
3.0,47,1,0.9169648234169953,-0.6770316528999627,3.0692251938358166,16
3.0,48,1,0.9237839133031052,-0.6849217271483236,3.078208330473455,16
3.0,49,1,0.9281297139637915,-0.6905555785167783,3.0753585212587873,16
3.0,50,1,0.9345171519945232,-0.6985446643119076,3.0705404218010695,16
3.0,51,1,0.9439034335298429,-0.7051934203237752,3.0824874867553342,16
3.0,52,1,0.9533005381730177,-0.7069399109154931,3.0788290596525143,16
3.0,53,1,0.9553906685639437,-0.706539841305824,3.0713121642554815,16
3.0,54,1,0.961797604031716,-0.7059560542081528,3.0643265207537826,16
3.0,55,1,0.9663376303923723,-0.7029839789827796,3.061444669851394,16
3.0,56,1,0.9727104079938109,-0.6980499520042023,3.0624761140629757,16
3.0,57,1,0.9755780594786839,-0.6934979139236271,3.059387017072105,16
3.0,58,1,0.9778130968944941,-0.6858995666185355,3.0526285090033003,16
3.0,59,1,0.984130159016223,-0.6815972206216849,3.06234541909269,16
3.0,60,1,0.984304652284153,-0.675784879118574,3.0543481275379056,16
3.0,61,1,0.9880297441452572,-0.6725216308642198,3.0630736550734263,16
3.0,62,1,0.9895859451908863,-0.6694093564992444,3.0679751672730085,16
3.0,63,1,0.983695419756737,-0.6601858275482783,3.0582020345596583,16
3.0,64,1,0.9809846103046936,-0.6546329914948475,3.058294649528527,16
3.0,65,1,0.9787358246296832,-0.6476366133838396,3.0625045646974787,16
3.0,66,1,0.974465329583371,-0.6402501787246505,3.0563654926594657,16
3.0,67,1,0.9725983646114965,-0.6331410082412406,3.0580346729058765,16
3.0,68,1,0.9771805526763572,-0.6335394707657928,3.07883976586697,16
3.0,69,1,0.9740304781321256,-0.6271285724990173,3.073770547890979,16
3.0,70,1,0.9771529902464904,-0.6233540481746846,3.0872934662334375,16
3.0,71,1,0.9738615675475336,-0.6158285932931222,3.076247698744367,16
3.0,72,1,0.9760729194108344,-0.6094118096559534,3.0779403080294183,16
3.0,73,1,0.980296261524828,-0.6058249832763577,3.082520286533985,16
3.0,74,1,0.9811049720710016,-0.5964909263201549,3.0738770314712465,16
3.0,75,1,0.9877203525382663,-0.5916693036613235,3.081830875193389,16
3.0,76,1,0.9884570048778629,-0.5796544530780322,3.0682262839741457,15
3.0,77,1,0.9959191152200829,-0.5752958281237942,3.076465867384942,15
3.0,78,1,1.004863017044551,-0.5697661048230745,3.0826126534770633,15
3.0,79,1,1.005667046463187,-0.5602711248550872,3.0682650299867817,15
3.0,80,1,1.0126583143157781,-0.5537232732970468,3.067197142132393,15
3.0,81,1,1.0184711093203502,-0.5505536117992001,3.0669678989098714,15
3.0,82,1,1.0248301993719258,-0.5477538710397006,3.0643521251950916,15
3.0,83,1,1.0335966300337287,-0.5451140968445947,3.059035040753741,15
3.0,84,1,1.042200593765013,-0.5449095446523036,3.0604432022422,15
3.0,85,1,1.051877108293364,-0.5461506470727324,3.054347345117397,15
3.0,86,1,1.0587863813650862,-0.5466850987005182,3.051294016587322,15
3.0,87,1,1.0656032228829677,-0.5474960012231942,3.0410929703354364,15
3.0,88,1,1.072643326545899,-0.5483472978170514,3.0438067277481675,15
3.0,89,1,1.0780430450872185,-0.5496258451709204,3.0441831062558866,15
3.0,90,1,1.0833415061303702,-0.5512252686882312,3.043611639961332,15
3.0,91,1,1.084891800370497,-0.5527939505557434,3.039741560699512,15
3.0,92,1,1.0859038796607758,-0.5541427760167442,3.037946163272893,15
3.0,93,1,1.0873716715327362,-0.5592490375758895,3.0405683282945293,15
3.0,94,1,1.0870537403601925,-0.5620760684170102,3.038902369168139,15
3.0,95,1,1.0820014376041587,-0.5634430654941125,3.0251573674916727,15
3.0,96,1,1.0819681270065589,-0.564929991016518,3.025624185708779,15
3.0,97,1,1.0821925377882362,-0.5680602621607322,3.0265071520216056,15
3.0,98,1,1.0840938101544852,-0.570966542238478,3.0312812625772296,15
3.0,99,1,1.0847074944474755,-0.5755380048920419,3.0338484215766535,15
3.0,100,1,1.0850827675841765,-0.5801020386657475,3.0363355708669073,15
3.0,101,1,1.0831678397170872,-0.5849749155018482,3.034747679208825,15
3.0,102,1,1.080537948188157,-0.593677951405221,3.032742932204472,15
3.0,103,1,1.0801677668716665,-0.6005497305901468,3.036142080272372,15
3.0,104,1,1.0782411048414036,-0.6063514135348095,3.0354404960893646,15
3.0,105,1,1.0774410411464443,-0.6124340342441995,3.0338530296621973,15
3.0,106,1,1.0756590042921832,-0.620079378698578,3.029218237309545,15
3.0,107,1,1.075386968888214,-0.6255040475436981,3.0298929119352818,15
3.0,108,1,1.0745789433798727,-0.6293121282848485,3.0290475541401887,15
3.0,109,1,1.0731487685829841,-0.6302107322549921,3.022348839091108,15
3.0,110,1,1.070336869672151,-0.6256405962755898,3.013904623881597,15
3.0,111,1,1.0730279032028518,-0.626527747698527,3.020206886733724,15
3.0,112,1,1.0687856975743288,-0.6219289355576675,3.0076514069125833,15
3.0,113,1,1.0676666468442901,-0.6200670955314399,3.011560738534403,15
3.0,114,1,1.0665805004858127,-0.6187249323973398,3.013158127739065,15
3.0,115,1,1.064196610358466,-0.6202286222272383,3.0136991158278814,15
3.0,116,1,1.0683466777113284,-0.6258707697238441,3.0292934511675944,15
3.0,117,1,1.0667797051462555,-0.6304237020113062,3.027177384482034,15
3.0,118,1,1.062237688887236,-0.6345915987568989,3.01447029054037,15
3.0,119,1,1.0618561900764263,-0.6436858370175347,3.016309162310255,15
3.0,120,1,1.0621570102803648,-0.652009710116671,3.017657998071511,15
3.0,121,1,1.060930224270258,-0.6602799739909058,3.0187055961449585,15
3.0,122,1,1.0622447639274877,-0.6680835114696025,3.024288438743407,15
3.0,123,1,1.0604733022824342,-0.6728504541475943,3.0206266665287655,15
3.0,124,1,1.0603657453650197,-0.6814802526291099,3.0173956575375187,15
3.0,125,1,1.0588559904001238,-0.6857039493880392,3.007630145797743,15
3.0,126,1,1.061946203848417,-0.6941937312472621,3.0082094483977775,15
3.0,127,1,1.0653705062252612,-0.7013930739496643,3.012477918123237,15
3.0,128,1,1.066156610126246,-0.7060396704225259,3.012399898361119,15
3.0,129,1,1.0669508876317058,-0.7118046097597218,3.0104835553682974,15
3.0,130,1,1.07142524983614,-0.7176379886201435,3.017171176483395,15
3.0,131,1,1.0730727931328787,-0.7184873610951118,3.0149259291601687,15
3.0,132,1,1.0771185927770883,-0.7203862492600595,3.023123297554098,15
3.0,133,1,1.0789820919034965,-0.722876218156885,3.0211069105357558,15
3.0,134,1,1.08176222095938,-0.7213308605404626,3.022966249796344,15
3.0,135,1,1.0866161463703958,-0.7185240478986228,3.030883285494943,15
3.0,136,1,1.086373227186434,-0.713008442878099,3.0262945027082164,15
3.0,137,1,1.0897227711819577,-0.7099496416752442,3.029894947342437,14
3.0,138,1,1.093987179893847,-0.7042258674794363,3.0298893441478554,14
3.0,139,1,1.0963958954707302,-0.6997935248693982,3.025880894823814,14
3.0,140,1,1.0995694700387477,-0.6942123645975039,3.0190906229987005,14
3.0,141,1,1.103981170236735,-0.6918655880637257,3.0180621077473466,14
3.0,142,1,1.1046952807477435,-0.6867582991539537,3.008480971612851,14
3.0,143,1,1.1113149212042668,-0.6843486181142543,3.013706903775605,14
3.0,144,1,1.110953254723541,-0.6804936811580871,3.0067729556400553,14
3.0,145,1,1.1120536650037338,-0.67417984904711,3.0029874884842673,14
3.0,146,1,1.1168642760138292,-0.6715302269824642,3.012308423462885,14
3.0,147,1,1.1118820242747873,-0.6645540288758831,2.9933259674255477,14
3.0,148,1,1.1146018821140633,-0.6529039636650572,2.9954443879471033,14
3.0,149,1,1.1161000698333114,-0.6467963473920403,2.997838013450413,14
3.0,150,1,1.1206468162418919,-0.6355534934306603,3.00983429696415,14
3.0,151,1,1.1152634483005957,-0.6226467013744988,2.9969388678079594,14
3.0,152,1,1.1157309357937222,-0.6090200303269276,3.0012264549195287,14
3.0,153,1,1.1163288746376752,-0.5989301025655707,3.0042806868417062,14
3.0,154,1,1.1164807423149135,-0.5920953789862806,3.0055796080600277,14
3.0,155,1,1.1129657892940157,-0.5869183775292565,2.9990342838243813,14
3.0,156,1,1.111109752925572,-0.5864569315620891,3.002097777105765,14
3.0,157,1,1.108603987524707,-0.589008628104762,3.0022497161911748,14
3.0,158,1,1.1103985134231253,-0.5971607211885674,3.0147028203029245,14
3.0,159,1,1.1008760229081547,-0.6039623814488545,3.0012977352639325,14
3.0,160,1,1.1011427081756078,-0.6143562643046825,3.009250420063457,14
3.0,161,1,1.1016340080925373,-0.6259506243481446,3.0144142022855,14
3.0,162,1,1.0963826901848346,-0.6408349144004373,3.0034924855164027,14
3.0,163,1,1.096743238891865,-0.6535828508607087,3.0076063807660596,14
3.0,164,1,1.092868615978366,-0.667944986504593,3.0014812773815205,14
3.0,165,1,1.0879710210563542,-0.6836754809322452,2.990524701831589,14
3.0,166,1,1.0876811087180687,-0.6986549948838381,2.9934553011664997,14
3.0,167,1,1.084459741645572,-0.7206733869583782,2.99015166658798,14
3.0,168,1,1.0835621832811475,-0.7378301395037452,2.992548687633029,14
3.0,169,1,1.0820616055164285,-0.757696415049908,2.9958627336348815,14
3.0,170,1,1.0748956083293897,-0.7691611742972899,2.9815243179110698,14
3.0,171,1,1.0705230137767696,-0.7879891162394843,2.9800458683567306,14
3.0,172,1,1.072952750179197,-0.8055309283315112,2.99334763415405,14
3.0,173,1,1.065306858912225,-0.8180742194175596,2.9798413533681716,14
3.0,174,1,1.06530872111832,-0.8320824946485803,2.984894347390135,14
3.0,175,1,1.0580945146768903,-0.842304617470937,2.9714759740281154,14
3.0,176,1,1.0568908072917638,-0.8511522151003265,2.97110372878281,14
3.0,177,1,1.0521212150546078,-0.8580308743619092,2.9658320326643124,14
3.0,178,1,1.0508147127468046,-0.8622332694174514,2.969897112899464,14
3.0,179,1,1.0481241733445275,-0.8650629473463415,2.9672738205539004,14
3.0,180,1,1.051276792244182,-0.8697724001187106,2.98257808588292,14
3.0,181,1,1.0508118728046378,-0.8693457173745847,2.983961297663849,14
3.0,182,1,1.0486946286160606,-0.8650300232221099,2.9817821871326116,14
3.0,183,1,1.0464340805535173,-0.859803812169623,2.9794991950216505,14
3.0,184,1,1.047479309776865,-0.8584222251415639,2.9883669374698054,14
3.0,185,1,1.0425892642157253,-0.851420961389544,2.9805290470097967,14
3.0,186,1,1.0387593633362209,-0.8429952118209837,2.977614414387306,14
3.0,187,1,1.0405424209936436,-0.8411204729264864,2.986099124046346,14
3.0,188,1,1.0384711467775958,-0.8351525746090636,2.9812742438772557,14
3.0,189,1,1.0371985648428503,-0.8251022880701072,2.9795145769416553,14
3.0,190,1,1.0364130213662943,-0.8182096408759958,2.9736244330771777,14
3.0,191,1,1.039757074275813,-0.8132763795329873,2.9779762098650355,14
3.0,192,1,1.0412198568327409,-0.808717505463204,2.9792380573149706,14
3.0,193,1,1.0377389742718341,-0.7977581220047635,2.9727384450731975,14
3.0,194,1,1.044774529701191,-0.7928517726157459,2.9903995903187113,14
3.0,195,1,1.0380818438809594,-0.781096297888943,2.968973851073099,14
3.0,196,1,1.0404389818823065,-0.7671922117847861,2.9749864420960574,14
3.0,197,1,1.0387662644117253,-0.7553213676538445,2.973407724179627,14
3.0,198,1,1.037188013012632,-0.7374055803351701,2.9709708899103418,14
3.0,199,1,1.0364791700880063,-0.7224874016600831,2.970534755354829,14
3.0,200,1,1.037839552189244,-0.702783693037617,2.970963409363486,14
3.0,201,1,1.0442658777924347,-0.6905747526872433,2.983993784181792,14
3.0,202,1,1.043827325044543,-0.6706018553461216,2.9769312619114987,14
3.0,203,1,1.0438413114731016,-0.6562235460392941,2.9731612534491725,14
3.0,204,1,1.04967245823992,-0.6491293777208487,2.9861107316316393,14
3.0,205,1,1.0508058678119143,-0.6325415062657433,2.985238546007418,14
3.0,206,1,1.051408447666521,-0.6227011954351844,2.9841115324691265,14
3.0,207,1,1.053299598938372,-0.6089717235869524,2.983805092912889,13
3.0,208,1,1.0581263373794485,-0.5989086471992036,2.9943006397309566,13
3.0,209,1,1.061785592949013,-0.585434621573943,2.9935737246075926,13
3.0,210,1,1.0661176676403432,-0.576063767985062,2.996288056167985,13
3.0,211,1,1.0708028636880054,-0.5646084342908337,2.999571647813318,13
3.0,212,1,1.0745118158992404,-0.5539411820129174,2.997895922234336,13
3.0,213,1,1.08107618510738,-0.5465286391441322,3.0087117961349352,13
3.0,214,1,1.0829114158128073,-0.5349431865103559,3.00219600381402,13
3.0,215,1,1.088963680749905,-0.5319855636514762,3.0067729650122192,13
3.0,216,1,1.0925768300709198,-0.5273255286879471,3.0050634500303586,13
3.0,217,1,1.092962729670615,-0.5253674296134765,3.001078212079228,13
3.0,218,1,1.0948054524397381,-0.530467058740438,2.9981064928422243,13
3.0,219,1,1.0973281379610274,-0.5404472398741708,2.998754310324972,13
3.0,220,1,1.098333146334403,-0.5509118641096044,2.988888277940005,13
3.0,221,1,1.0964625040612803,-0.5588867965643038,2.980452885318811,13
3.0,222,1,1.0956686469826071,-0.5688540786427052,2.974284268851653,13
3.0,223,1,1.0949022856958377,-0.5841638605339919,2.969051499994997,13
3.0,224,1,1.0959781303130403,-0.5971519046481253,2.9727051043742274,13
3.0,225,1,1.088841943533328,-0.6100520639046476,2.9582548955646124,13
3.0,226,1,1.0830991889077748,-0.6168474514891727,2.9496780508185565,13
3.0,227,1,1.0785417110915507,-0.6228530087187168,2.9482815672197153,13
3.0,228,1,1.0739725240740776,-0.6224717386538459,2.9480216691201764,13
3.0,229,1,1.0688791388693575,-0.6216446510349074,2.9494217975990247,13
3.0,230,1,1.0649150579735276,-0.6170016092867815,2.951459113615188,13
3.0,231,1,1.0601895325835544,-0.6081873106206361,2.9570883047529173,13
3.0,232,1,1.058379893759989,-0.6034425547251311,2.9673226673402544,13
3.0,233,1,1.0546470022905003,-0.5965107566902896,2.9727324846422984,13
3.0,234,1,1.0495522562981043,-0.5885562468925829,2.9785364832811885,13
3.0,235,1,1.0456473322290465,-0.5824562626491085,2.9869082715384128,13
3.0,236,1,1.0423510002754808,-0.5788861441046377,2.989937864578206,13
3.0,237,1,1.03884962485303,-0.5753769560973419,2.992296909258057,13
3.0,238,1,1.0388772117096725,-0.5754699303068724,3.000053974777525,13
3.0,239,1,1.0426825859541806,-0.5796030814946634,3.0145421979173914,13
3.0,240,1,1.0415422024064753,-0.5849873770751098,3.01194964084509,13
3.0,241,1,1.0418664053083901,-0.5904725815472232,3.0133520429744056,13
3.0,242,1,1.039732532226906,-0.5983196401876264,3.008297747400977,13
3.0,243,1,1.0404752296822608,-0.6077597665404053,3.0142784442848307,13
3.0,244,1,1.0400854679943405,-0.6208586149220565,3.02054485533108,13
3.0,245,1,1.04026046519165,-0.6301150066161888,3.0265751445794358,13
3.0,246,1,1.0368736047779141,-0.637631840240449,3.0270741799601035,13
3.0,247,1,1.0344908573458107,-0.6446595253193004,3.0271430926624228,13
3.0,248,1,1.0324184510801135,-0.6486073952336693,3.029075438385698,13
3.0,249,1,1.029264047327768,-0.6589469788009581,3.0288970635219687,13
3.0,250,1,1.0265211165241728,-0.6630034377716723,3.0302051399053482,13
3.0,251,1,1.0265727871992443,-0.6686804688306214,3.041684342612766,13
3.0,252,1,1.022621315179045,-0.6694290024173177,3.0346995656704703,13
3.0,253,1,1.026132265055865,-0.6747211611267999,3.0484706004261604,13
3.0,254,1,1.0211880029634277,-0.673493949784774,3.034914660466486,13
3.0,255,1,1.0244058876220858,-0.6791957289334651,3.0425359601709445,13
3.0,256,1,1.025626315259709,-0.6850371663521833,3.0457107354719684,13
3.0,257,1,1.027959607490175,-0.6863264798302866,3.041651998164138,13
3.0,258,1,1.0306556813092915,-0.6869049086721027,3.04718254550748,13
3.0,259,1,1.0278912029088978,-0.6817848630389332,3.0349757056254356,13
3.0,260,1,1.030107974583116,-0.679170485884229,3.039903727059686,13
3.0,261,1,1.0302447245442343,-0.6743032746310547,3.037104834176552,13
3.0,262,1,1.0337926612113093,-0.6730769072408662,3.0461422776819727,13
3.0,263,1,1.03375630299625,-0.6710283545043105,3.0425531727618327,13
3.0,264,1,1.0367287046196716,-0.6687224551641663,3.043203498092262,13
3.0,265,1,1.0390658825260883,-0.6690813190684414,3.042856993800999,13
3.0,266,1,1.0397906783458686,-0.6678362030853384,3.0411301907877117,13
3.0,267,1,1.0420467428146267,-0.6698746685589261,3.0439700910054537,13
3.0,268,1,1.0471135163673255,-0.672105066080654,3.052960493920766,13
3.0,269,1,1.0445280715211367,-0.670084437828329,3.0435972692357955,13
3.0,270,1,1.04922967632648,-0.6729982532620916,3.055440944950338,13
3.0,271,1,1.0445249883296153,-0.6698614068842124,3.0414164868483984,13
3.0,272,1,1.0442985901949497,-0.6720625367691363,3.0412207103788016,13
3.0,273,1,1.046211476639028,-0.6732456433690541,3.048389888538662,13
3.0,274,1,1.0442096525886513,-0.6726641072853448,3.046318601342473,13
3.0,275,1,1.0432066753880693,-0.6745210091238909,3.0486879362119526,13
3.0,276,1,1.0402730437611971,-0.6722619921265787,3.0459267155661838,13
3.0,277,1,1.036110057553015,-0.6696204281962567,3.0430686840217307,13
3.0,278,1,1.0331149375468764,-0.6696967109996653,3.0425989143958536,13
3.0,279,1,1.0273594840269358,-0.6669154060694809,3.038849860025965,13
3.0,280,1,1.021359819910215,-0.6625257746077512,3.030780786623085,13
3.0,281,1,1.022196931388295,-0.6631079075091704,3.0424352285669984,13
3.0,282,1,1.0194682208019061,-0.6629048916406777,3.0447186185971287,13
3.0,283,1,1.0157189018887869,-0.6603758744413963,3.0405093772777887,13
3.0,284,1,1.0145989843153227,-0.6605515027366298,3.043516882730291,13
3.0,285,1,1.0116630073536832,-0.6577596937033316,3.039141954713179,13
3.0,286,1,1.014722115744867,-0.6598796846525966,3.053076775968265,13
3.0,287,1,1.012240446003154,-0.6565307006695856,3.050036022953262,13
3.0,288,1,1.0133044127476878,-0.6544858791036422,3.050896849888127,13
3.0,289,1,1.0119312307560338,-0.6488333684713439,3.046328550395478,13
3.0,290,1,1.0146744090647586,-0.6462625348854816,3.056182958468162,13
3.0,291,1,1.013534437582353,-0.6373588152371046,3.057127445511003,13
3.0,292,1,1.0113057061552373,-0.6289669218869575,3.0555701198670158,13
3.0,293,1,1.014506787545129,-0.6222290251838019,3.07141475126676,13
3.0,294,1,1.0149404408921812,-0.6094218500427143,3.0764197064037524,13
3.0,295,1,1.0159517326587386,-0.599119912076136,3.0777668023916713,13
3.0,296,1,1.023245568238373,-0.5888118505709636,3.0890591171508675,13
3.0,297,1,1.0282786344422696,-0.5870529951575156,3.099302323825893,13
3.0,298,1,1.0326687877421197,-0.5838757606133881,3.10019617965243,13
3.0,299,1,1.0335084909975625,-0.5815827513239777,3.09417314138698,13
