mission_time,target_altitude,current_altitude,error,velocity_cmd,control_action,height_sonar,height_baro,velocity_z_measured,battery
0.002048969268798828,1.5,0.48,1.02,1.0,CLIMB,0.48,-149.77,0.0,57
0.05943489074707031,1.5,0.48,1.02,1.0,CLIMB,0.48,-149.73,0.0,57
0.10983490943908691,1.5,0.48,1.02,1.0,CLIMB,0.48,-149.73,0.0,57
0.1586320400238037,1.5,0.48,1.02,1.0,CLIMB,0.48,-149.77,0.0,57
0.20827102661132812,1.5,0.48,1.02,1.0,CLIMB,0.48,-149.77,0.0,57
0.25530195236206055,1.5,0.49,1.01,1.0,CLIMB,0.49,-149.68,0.0,57
0.3011181354522705,1.5,0.49,1.01,1.0,CLIMB,0.49,-149.68,0.0,57
0.3594369888305664,1.5,0.51,0.99,1.0,CLIMB,0.51,-149.57,-0.02,57
0.40799713134765625,1.5,0.51,0.99,1.0,CLIMB,0.51,-149.57,-0.02,57
0.45723891258239746,1.5,0.56,0.94,1.0,CLIMB,0.56,-149.62,-0.04,57
0.5034430027008057,1.5,0.56,0.94,1.0,CLIMB,0.56,-149.62,-0.04,57
0.5512621402740479,1.5,0.62,0.88,1.0,CLIMB,0.62,-149.61,-0.06,57
0.6005542278289795,1.5,0.62,0.88,1.0,CLIMB,0.62,-149.61,-0.06,57
0.6608450412750244,1.5,0.7,0.8,1.0,CLIMB,0.7,-149.5,-0.08,57
0.709630012512207,1.5,0.7,0.8,1.0,CLIMB,0.7,-149.5,-0.08,57
0.7552969455718994,1.5,0.79,0.71,1.0,CLIMB,0.79,-149.36,-0.09,57
0.8035569190979004,1.5,0.79,0.71,1.0,CLIMB,0.79,-149.36,-0.09,57
0.8514258861541748,1.5,0.89,0.61,1.0,CLIMB,0.89,-149.33,-0.09,57
0.9013998508453369,1.5,0.89,0.61,1.0,CLIMB,0.89,-149.33,-0.09,57
0.9598500728607178,1.5,0.99,0.51,1.0,CLIMB,0.99,-149.27,-0.09,57
1.0076398849487305,1.5,0.99,0.51,1.0,CLIMB,0.99,-149.27,-0.09,57
1.0532770156860352,1.5,1.09,0.4099999999999999,1.0,CLIMB,1.09,-149.19,-0.1,57
1.1027569770812988,1.5,1.09,0.4099999999999999,1.0,CLIMB,1.09,-149.19,-0.1,57
1.151566982269287,1.5,1.19,0.31000000000000005,1.0,CLIMB,1.19,-149.0,-0.1,57
1.211094856262207,1.5,1.19,0.31000000000000005,1.0,CLIMB,1.19,-149.0,-0.1,57
1.256932020187378,1.5,1.3,0.19999999999999996,1.0,CLIMB,1.3,-148.93,-0.1,57
1.30491304397583,1.5,1.3,0.19999999999999996,1.0,CLIMB,1.3,-148.93,-0.1,57
1.3534181118011475,1.5,1.3,0.19999999999999996,1.0,CLIMB,1.3,-148.93,-0.1,57
1.4000380039215088,1.5,1.4,0.10000000000000009,1.0,CLIMB,1.4,-148.79,-0.1,57
1.461426019668579,1.5,1.5,0.0,0.0,HOLD,1.5,-148.72,-0.1,57
1.509437084197998,1.5,1.5,0.0,0.0,HOLD,1.5,-148.72,-0.1,57
1.5577208995819092,1.5,1.5,0.0,0.0,HOLD,1.5,-148.72,-0.1,57
1.6053431034088135,1.5,1.62,-0.1200000000000001,-0.8,DESCEND,1.62,-148.65,-0.1,57
1.6518738269805908,1.5,1.62,-0.1200000000000001,-0.8,DESCEND,1.62,-148.65,-0.1,57
1.7011380195617676,1.5,1.73,-0.22999999999999998,-0.8,DESCEND,1.73,-148.54,-0.1,57
1.7594389915466309,1.5,1.73,-0.22999999999999998,-0.8,DESCEND,1.73,-148.54,-0.1,57
1.8062880039215088,1.5,1.8,-0.30000000000000004,-0.8,DESCEND,1.8,-148.47,-0.08,56
1.8543920516967773,1.5,1.8,-0.30000000000000004,-0.8,DESCEND,1.8,-148.47,-0.08,56
1.9044580459594727,1.5,1.87,-0.3700000000000001,-0.8,DESCEND,1.87,-148.47,-0.05,56
1.9517300128936768,1.5,1.87,-0.3700000000000001,-0.8,DESCEND,1.87,-148.47,-0.05,56
2.011871099472046,1.5,1.9,-0.3999999999999999,-0.8,DESCEND,1.9,-148.46,-0.02,56
2.059343099594116,1.5,1.9,-0.3999999999999999,-0.8,DESCEND,1.9,-148.46,-0.02,56
2.104416847229004,1.5,1.9,-0.3999999999999999,-0.8,DESCEND,1.9,-148.41,0.0,56
2.1536920070648193,1.5,1.9,-0.3999999999999999,-0.8,DESCEND,1.9,-148.41,0.0,56
2.211808919906616,1.5,1.89,-0.3899999999999999,-0.8,DESCEND,1.89,-148.52,0.02,56
2.2610230445861816,1.5,1.89,-0.3899999999999999,-0.8,DESCEND,1.89,-148.52,0.02,56
2.3098011016845703,1.5,1.83,-0.33000000000000007,-0.8,DESCEND,1.83,-148.48,0.04,56
2.3574728965759277,1.5,1.83,-0.33000000000000007,-0.8,DESCEND,1.83,-148.48,0.04,56
2.4058961868286133,1.5,1.77,-0.27,-0.8,DESCEND,1.77,-148.53,0.06,56
2.451146125793457,1.5,1.69,-0.18999999999999995,-0.8,DESCEND,1.69,-148.45,0.06,56
2.508127212524414,1.5,1.69,-0.18999999999999995,-0.8,DESCEND,1.69,-148.45,0.06,56
2.55544114112854,1.5,1.62,-0.1200000000000001,-0.8,DESCEND,1.62,-148.54,0.07,56
2.6034460067749023,1.5,1.62,-0.1200000000000001,-0.8,DESCEND,1.62,-148.54,0.07,56
2.6532540321350098,1.5,1.62,-0.1200000000000001,-0.8,DESCEND,1.62,-148.54,0.07,56
2.7118608951568604,1.5,1.53,-0.030000000000000027,-0.8,DESCEND,1.53,-148.74,0.07,56
2.7585339546203613,1.5,1.53,-0.030000000000000027,-0.8,DESCEND,1.53,-148.74,0.07,56
2.805572986602783,1.5,1.46,0.040000000000000036,1.0,CLIMB,1.46,-148.69,0.08,56
2.8535189628601074,1.5,1.46,0.040000000000000036,1.0,CLIMB,1.46,-148.69,0.08,56
2.909914016723633,1.5,1.46,0.040000000000000036,1.0,CLIMB,1.46,-148.69,0.08,56
2.9569168090820312,1.5,1.29,0.20999999999999996,1.0,CLIMB,1.29,-148.82,0.07,56
3.004053831100464,1.5,1.29,0.20999999999999996,1.0,CLIMB,1.29,-148.82,0.07,56
3.0525569915771484,1.5,1.23,0.27,1.0,CLIMB,1.23,-148.91,0.06,56
3.100382089614868,1.5,1.23,0.27,1.0,CLIMB,1.23,-148.91,0.06,56
3.160245895385742,1.5,1.19,0.31000000000000005,1.0,CLIMB,1.19,-148.92,0.03,56
3.2066221237182617,1.5,1.19,0.31000000000000005,1.0,CLIMB,1.19,-148.92,0.03,56
3.25539493560791,1.5,1.19,0.31000000000000005,1.0,CLIMB,1.19,-148.92,0.03,56
3.300593137741089,1.5,1.19,0.31000000000000005,1.0,CLIMB,1.19,-148.85,0.0,56
3.361093044281006,1.5,1.22,0.28,1.0,CLIMB,1.22,-148.91,-0.03,56
3.40881609916687,1.5,1.22,0.28,1.0,CLIMB,1.22,-148.91,-0.03,56
3.4541468620300293,1.5,1.27,0.22999999999999998,1.0,CLIMB,1.27,-148.83,-0.05,56
3.5016520023345947,1.5,1.27,0.22999999999999998,1.0,CLIMB,1.27,-148.83,-0.05,56
3.561779022216797,1.5,1.34,0.15999999999999992,1.0,CLIMB,1.34,-148.88,-0.07,56
3.609448194503784,1.5,1.34,0.15999999999999992,1.0,CLIMB,1.34,-148.88,-0.07,56
3.6574230194091797,1.5,1.47,0.030000000000000027,1.0,CLIMB,1.47,-148.74,-0.08,56
3.7037861347198486,1.5,1.47,0.030000000000000027,1.0,CLIMB,1.47,-148.74,-0.08,56
3.7516660690307617,1.5,1.58,-0.08000000000000007,-0.8,DESCEND,1.58,-148.73,-0.09,55
3.8120639324188232,1.5,1.58,-0.08000000000000007,-0.8,DESCEND,1.58,-148.73,-0.09,55
3.8607780933380127,1.5,1.68,-0.17999999999999994,-0.8,DESCEND,1.68,-148.52,-0.1,55
3.909351110458374,1.5,1.68,-0.17999999999999994,-0.8,DESCEND,1.68,-148.52,-0.1,55
3.9582619667053223,1.5,1.68,-0.17999999999999994,-0.8,DESCEND,1.68,-148.52,-0.1,55
4.005069017410278,1.5,1.79,-0.29000000000000004,-0.8,DESCEND,1.79,-148.51,-0.1,55
4.054497003555298,1.5,1.79,-0.29000000000000004,-0.8,DESCEND,1.79,-148.51,-0.1,55
4.1038172245025635,1.5,1.88,-0.3799999999999999,-0.8,DESCEND,1.88,-148.41,-0.09,55
4.150414943695068,1.5,1.88,-0.3799999999999999,-0.8,DESCEND,1.88,-148.41,-0.09,55
4.20884108543396,1.5,1.91,-0.4099999999999999,-0.8,DESCEND,1.91,-148.44,-0.06,55
4.255768060684204,1.5,1.91,-0.4099999999999999,-0.8,DESCEND,1.91,-148.44,-0.06,55
4.305418968200684,1.5,1.95,-0.44999999999999996,-0.8,DESCEND,1.95,-148.34,-0.02,55
4.3523290157318115,1.5,1.95,-0.44999999999999996,-0.8,DESCEND,1.95,-148.34,-0.02,55
4.401642084121704,1.5,1.95,-0.44999999999999996,-0.8,DESCEND,1.95,-148.45,0.0,55
4.450057029724121,1.5,1.95,-0.44999999999999996,-0.8,DESCEND,1.95,-148.45,0.0,55
4.507326126098633,1.5,1.88,-0.3799999999999999,-0.8,DESCEND,1.88,-148.39,0.02,55
4.553429126739502,1.5,1.88,-0.3799999999999999,-0.8,DESCEND,1.88,-148.39,0.02,55
4.603801965713501,1.5,1.84,-0.3400000000000001,-0.8,DESCEND,1.84,-148.47,0.04,55
4.661803960800171,1.5,1.84,-0.3400000000000001,-0.8,DESCEND,1.84,-148.47,0.04,55
4.709332227706909,1.5,1.77,-0.27,-0.8,DESCEND,1.77,-148.35,0.05,55
4.757613897323608,1.5,1.77,-0.27,-0.8,DESCEND,1.77,-148.35,0.05,55
4.807154178619385,1.5,1.7,-0.19999999999999996,-0.8,DESCEND,1.7,-148.47,0.06,55
4.855209112167358,1.5,1.7,-0.19999999999999996,-0.8,DESCEND,1.7,-148.47,0.06,55
4.903473138809204,1.5,1.61,-0.1100000000000001,-0.8,DESCEND,1.61,-148.43,0.07,55
4.9531590938568115,1.5,1.61,-0.1100000000000001,-0.8,DESCEND,1.61,-148.43,0.07,55
5.003658056259155,1.5,1.61,-0.1100000000000001,-0.8,DESCEND,1.61,-148.43,0.07,55
5.059858083724976,1.5,1.53,-0.030000000000000027,-0.8,DESCEND,1.53,-148.59,0.08,55
5.104013919830322,1.5,1.44,0.06000000000000005,1.0,CLIMB,1.44,-148.68,0.08,55
5.160621881484985,1.5,1.44,0.06000000000000005,1.0,CLIMB,1.44,-148.68,0.08,55
5.207629919052124,1.5,1.36,0.1399999999999999,1.0,CLIMB,1.36,-148.8,0.08,55
5.255549192428589,1.5,1.36,0.1399999999999999,1.0,CLIMB,1.36,-148.8,0.08,55
5.304495096206665,1.5,1.28,0.21999999999999997,1.0,CLIMB,1.28,-148.7,0.07,55
5.353429079055786,1.5,1.28,0.21999999999999997,1.0,CLIMB,1.28,-148.7,0.07,55
5.402616024017334,1.5,1.23,0.27,1.0,CLIMB,1.23,-148.78,0.06,55
5.4597790241241455,1.5,1.23,0.27,1.0,CLIMB,1.23,-148.78,0.06,55
5.507989883422852,1.5,1.21,0.29000000000000004,1.0,CLIMB,1.21,-148.88,0.03,55
5.560449838638306,1.5,1.21,0.29000000000000004,1.0,CLIMB,1.21,-148.88,0.03,55
5.60816502571106,1.5,1.23,0.27,1.0,CLIMB,1.23,-148.85,0.0,55
5.654367208480835,1.5,1.23,0.27,1.0,CLIMB,1.23,-148.85,0.0,55
5.70214319229126,1.5,1.27,0.22999999999999998,1.0,CLIMB,1.27,-148.77,-0.03,55
5.750746965408325,1.5,1.27,0.22999999999999998,1.0,CLIMB,1.27,-148.77,-0.03,55
5.811800003051758,1.5,1.35,0.1499999999999999,1.0,CLIMB,1.35,-148.76,-0.06,54
5.85857081413269,1.5,1.35,0.1499999999999999,1.0,CLIMB,1.35,-148.76,-0.06,54
5.907611131668091,1.5,1.44,0.06000000000000005,1.0,CLIMB,1.44,-148.78,-0.08,54
5.954551935195923,1.5,1.44,0.06000000000000005,1.0,CLIMB,1.44,-148.78,-0.08,54
6.001427173614502,1.5,1.54,-0.040000000000000036,-0.8,DESCEND,1.54,-148.58,-0.09,54
6.058631181716919,1.5,1.54,-0.040000000000000036,-0.8,DESCEND,1.54,-148.58,-0.09,54
6.105515956878662,1.5,1.64,-0.1399999999999999,-0.8,DESCEND,1.64,-148.47,-0.1,54
6.151003122329712,1.5,1.64,-0.1399999999999999,-0.8,DESCEND,1.64,-148.47,-0.1,54
6.207509994506836,1.5,1.76,-0.26,-0.8,DESCEND,1.76,-148.48,-0.1,54
6.25620698928833,1.5,1.76,-0.26,-0.8,DESCEND,1.76,-148.48,-0.1,54
6.303441047668457,1.5,1.76,-0.26,-0.8,DESCEND,1.76,-148.48,-0.1,54
6.351724863052368,1.5,1.87,-0.3700000000000001,-0.8,DESCEND,1.87,-148.44,-0.1,54
6.409444093704224,1.5,1.96,-0.45999999999999996,-0.8,DESCEND,1.96,-148.3,-0.09,54
6.459674119949341,1.5,1.96,-0.45999999999999996,-0.8,DESCEND,1.96,-148.3,-0.09,54
6.5067009925842285,1.5,2.02,-0.52,-0.8,DESCEND,2.02,-148.29,-0.06,54
6.551758050918579,1.5,2.02,-0.52,-0.8,DESCEND,2.02,-148.29,-0.06,54
6.611546993255615,1.5,2.03,-0.5299999999999998,-0.8,DESCEND,2.03,-148.25,-0.03,54
6.659773111343384,1.5,2.02,-0.52,-0.8,DESCEND,2.02,-148.2,0.0,54
6.707659006118774,1.5,2.02,-0.52,-0.8,DESCEND,2.02,-148.2,0.0,54
6.757939100265503,1.5,2.02,-0.52,-0.8,DESCEND,2.02,-148.2,0.0,54
6.8063390254974365,1.5,1.98,-0.48,-0.8,DESCEND,1.98,-148.28,0.02,54
6.85190486907959,1.5,1.98,-0.48,-0.8,DESCEND,1.98,-148.28,0.02,54
6.909301996231079,1.5,1.94,-0.43999999999999995,-0.8,DESCEND,1.94,-148.28,0.04,54
6.959787845611572,1.5,1.94,-0.43999999999999995,-0.8,DESCEND,1.94,-148.28,0.04,54
7.008096933364868,1.5,1.86,-0.3600000000000001,-0.8,DESCEND,1.86,-148.33,0.05,54
7.055650949478149,1.5,1.86,-0.3600000000000001,-0.8,DESCEND,1.86,-148.33,0.05,54
7.10336709022522,1.5,1.86,-0.3600000000000001,-0.8,DESCEND,1.86,-148.33,0.05,54
7.151716947555542,1.5,1.78,-0.28,-0.8,DESCEND,1.78,-148.43,0.06,54
7.200832843780518,1.5,1.71,-0.20999999999999996,-0.8,DESCEND,1.71,-148.59,0.07,54
7.258543968200684,1.5,1.71,-0.20999999999999996,-0.8,DESCEND,1.71,-148.59,0.07,54
7.307589054107666,1.5,1.62,-0.1200000000000001,-0.8,DESCEND,1.62,-148.58,0.07,54
7.353407859802246,1.5,1.62,-0.1200000000000001,-0.8,DESCEND,1.62,-148.58,0.07,54
7.410598039627075,1.5,1.54,-0.040000000000000036,-0.8,DESCEND,1.54,-148.58,0.08,54
7.457599878311157,1.5,1.54,-0.040000000000000036,-0.8,DESCEND,1.54,-148.58,0.08,54
7.503312110900879,1.5,1.47,0.030000000000000027,1.0,CLIMB,1.47,-148.61,0.08,54
7.5531392097473145,1.5,1.47,0.030000000000000027,1.0,CLIMB,1.47,-148.61,0.08,54
7.607468843460083,1.5,1.39,0.1100000000000001,1.0,CLIMB,1.39,-148.76,0.08,54
7.655586004257202,1.5,1.39,0.1100000000000001,1.0,CLIMB,1.39,-148.76,0.08,54
7.703427076339722,1.5,1.32,0.17999999999999994,1.0,CLIMB,1.32,-148.76,0.07,54
7.759695053100586,1.5,1.32,0.17999999999999994,1.0,CLIMB,1.32,-148.76,0.07,54
7.807583808898926,1.5,1.26,0.24,1.0,CLIMB,1.26,-148.83,0.06,53
7.856670141220093,1.5,1.26,0.24,1.0,CLIMB,1.26,-148.83,0.06,53
7.903898000717163,1.5,1.24,0.26,1.0,CLIMB,1.24,-148.77,0.0,53
7.9518702030181885,1.5,1.24,0.26,1.0,CLIMB,1.24,-148.77,0.0,53
8.010894060134888,1.5,1.27,0.22999999999999998,1.0,CLIMB,1.27,-148.69,-0.03,53
8.060073137283325,1.5,1.27,0.22999999999999998,1.0,CLIMB,1.27,-148.69,-0.03,53
8.109397172927856,1.5,1.31,0.18999999999999995,1.0,CLIMB,1.31,-148.73,-0.05,53
8.157601833343506,1.5,1.31,0.18999999999999995,1.0,CLIMB,1.31,-148.73,-0.05,53
8.204406023025513,1.5,1.38,0.1200000000000001,1.0,CLIMB,1.38,-148.73,-0.07,53
8.252040147781372,1.5,1.38,0.1200000000000001,1.0,CLIMB,1.38,-148.73,-0.07,53
8.311508178710938,1.5,1.47,0.030000000000000027,1.0,CLIMB,1.47,-148.55,-0.09,53
8.356652975082397,1.5,1.47,0.030000000000000027,1.0,CLIMB,1.47,-148.55,-0.09,53
8.401532173156738,1.5,1.55,-0.050000000000000044,-0.8,DESCEND,1.55,-148.45,-0.1,53
8.461827993392944,1.5,1.55,-0.050000000000000044,-0.8,DESCEND,1.55,-148.45,-0.1,53
8.509307146072388,1.5,1.67,-0.16999999999999993,-0.8,DESCEND,1.67,-148.5,-0.1,53
8.557021141052246,1.5,1.67,-0.16999999999999993,-0.8,DESCEND,1.67,-148.5,-0.1,53
8.605831146240234,1.5,1.77,-0.27,-0.8,DESCEND,1.77,-148.45,-0.1,53
8.652292013168335,1.5,1.77,-0.27,-0.8,DESCEND,1.77,-148.45,-0.1,53
8.711795091629028,1.5,1.87,-0.3700000000000001,-0.8,DESCEND,1.87,-148.33,-0.07,53
8.761780977249146,1.5,1.87,-0.3700000000000001,-0.8,DESCEND,1.87,-148.33,-0.07,53
8.810343027114868,1.5,1.94,-0.43999999999999995,-0.8,DESCEND,1.94,-148.29,-0.04,53
8.856167078018188,1.5,1.94,-0.43999999999999995,-0.8,DESCEND,1.94,-148.29,-0.04,53
8.90605616569519,1.5,1.99,-0.49,-0.8,DESCEND,1.99,-148.3,-0.01,53
8.954370975494385,1.5,1.99,-0.49,-0.8,DESCEND,1.99,-148.3,-0.01,53
9.003438949584961,1.5,1.99,-0.49,-0.8,DESCEND,1.99,-148.3,-0.01,53
9.051584005355835,1.5,1.97,-0.47,-0.8,DESCEND,1.97,-148.26,0.01,53
9.100519180297852,1.5,1.97,-0.47,-0.8,DESCEND,1.97,-148.26,0.01,53
9.159947872161865,1.5,1.96,-0.45999999999999996,-0.8,DESCEND,1.96,-148.28,0.03,53
9.210484027862549,1.5,1.96,-0.45999999999999996,-0.8,DESCEND,1.96,-148.28,0.03,53
9.260504961013794,1.5,1.9,-0.3999999999999999,-0.8,DESCEND,1.9,-148.39,0.05,53
9.307573795318604,1.5,1.9,-0.3999999999999999,-0.8,DESCEND,1.9,-148.39,0.05,53
9.354088068008423,1.5,1.84,-0.3400000000000001,-0.8,DESCEND,1.84,-148.37,0.06,53
9.402825117111206,1.5,1.84,-0.3400000000000001,-0.8,DESCEND,1.84,-148.37,0.06,53
9.461265087127686,1.5,1.76,-0.26,-0.8,DESCEND,1.76,-148.49,0.07,53
9.507596969604492,1.5,1.76,-0.26,-0.8,DESCEND,1.76,-148.49,0.07,53
9.556493043899536,1.5,1.69,-0.18999999999999995,-0.8,DESCEND,1.69,-148.54,0.07,53
9.603318929672241,1.5,1.69,-0.18999999999999995,-0.8,DESCEND,1.69,-148.54,0.07,53
9.653444051742554,1.5,1.62,-0.1200000000000001,-0.8,DESCEND,1.62,-148.58,0.07,53
9.703402996063232,1.5,1.62,-0.1200000000000001,-0.8,DESCEND,1.62,-148.58,0.07,53
9.750169038772583,1.5,1.53,-0.030000000000000027,-0.8,DESCEND,1.53,-148.74,0.07,53
9.811755895614624,1.5,1.53,-0.030000000000000027,-0.8,DESCEND,1.53,-148.74,0.07,53
9.860671043395996,1.5,1.46,0.040000000000000036,1.0,CLIMB,1.46,-148.69,0.07,52
9.909156084060669,1.5,1.46,0.040000000000000036,1.0,CLIMB,1.46,-148.69,0.07,52
9.959609985351562,1.5,1.37,0.1299999999999999,1.0,CLIMB,1.37,-148.78,0.07,52
10.007572174072266,1.5,1.37,0.1299999999999999,1.0,CLIMB,1.37,-148.78,0.07,52
10.056107997894287,1.5,1.3,0.19999999999999996,1.0,CLIMB,1.3,-148.8,0.07,52
10.10340404510498,1.5,1.3,0.19999999999999996,1.0,CLIMB,1.3,-148.8,0.07,52
10.157118082046509,1.5,1.24,0.26,1.0,CLIMB,1.24,-148.81,0.04,52
10.203156232833862,1.5,1.24,0.26,1.0,CLIMB,1.24,-148.81,0.04,52
10.261736154556274,1.5,1.24,0.26,1.0,CLIMB,1.24,-148.81,0.04,52
10.311821937561035,1.5,1.21,0.29000000000000004,1.0,CLIMB,1.21,-148.95,0.01,52
10.358597040176392,1.5,1.2,0.30000000000000004,1.0,CLIMB,1.2,-148.9,-0.01,52
10.407564878463745,1.5,1.22,0.28,1.0,CLIMB,1.22,-148.9,-0.04,52
10.453031063079834,1.5,1.22,0.28,1.0,CLIMB,1.22,-148.9,-0.04,52
10.500789880752563,1.5,1.29,0.20999999999999996,1.0,CLIMB,1.29,-148.87,-0.06,52
10.550048828125,1.5,1.29,0.20999999999999996,1.0,CLIMB,1.29,-148.87,-0.06,52
10.611775159835815,1.5,1.37,0.1299999999999999,1.0,CLIMB,1.37,-148.8,-0.08,52
10.661103963851929,1.5,1.37,0.1299999999999999,1.0,CLIMB,1.37,-148.8,-0.08,52
10.707576990127563,1.5,1.37,0.1299999999999999,1.0,CLIMB,1.37,-148.8,-0.08,52
10.753766059875488,1.5,1.5,0.0,0.0,HOLD,1.5,-148.64,-0.09,52
10.800678968429565,1.5,1.5,0.0,0.0,HOLD,1.5,-148.64,-0.09,52
10.859477996826172,1.5,1.61,-0.1100000000000001,-0.8,DESCEND,1.61,-148.58,-0.1,52
10.90756607055664,1.5,1.72,-0.21999999999999997,-0.8,DESCEND,1.72,-148.52,-0.1,52
10.954118013381958,1.5,1.72,-0.21999999999999997,-0.8,DESCEND,1.72,-148.52,-0.1,52
11.002413034439087,1.5,1.81,-0.31000000000000005,-0.8,DESCEND,1.81,-148.48,-0.09,52
11.061048030853271,1.5,1.81,-0.31000000000000005,-0.8,DESCEND,1.81,-148.48,-0.09,52
11.110463857650757,1.5,1.9,-0.3999999999999999,-0.8,DESCEND,1.9,-148.38,-0.06,52
11.15476393699646,1.5,1.9,-0.3999999999999999,-0.8,DESCEND,1.9,-148.38,-0.06,52
11.202303171157837,1.5,1.93,-0.42999999999999994,-0.8,DESCEND,1.93,-148.32,-0.03,52
11.25068712234497,1.5,1.93,-0.42999999999999994,-0.8,DESCEND,1.93,-148.32,-0.03,52
11.30060887336731,1.5,1.93,-0.42999999999999994,-0.8,DESCEND,1.93,-148.32,-0.03,52
11.362208843231201,1.5,1.93,-0.42999999999999994,-0.8,DESCEND,1.93,-148.27,0.0,52
11.410786867141724,1.5,1.9,-0.3999999999999999,-0.8,DESCEND,1.9,-148.27,0.02,52
11.456192970275879,1.5,1.9,-0.3999999999999999,-0.8,DESCEND,1.9,-148.27,0.02,52
11.505323886871338,1.5,1.9,-0.3999999999999999,-0.8,DESCEND,1.9,-148.27,0.02,52
11.555752038955688,1.5,1.86,-0.3600000000000001,-0.8,DESCEND,1.86,-148.37,0.04,52
11.605305910110474,1.5,1.86,-0.3600000000000001,-0.8,DESCEND,1.86,-148.37,0.04,52
11.652374982833862,1.5,1.8,-0.30000000000000004,-0.8,DESCEND,1.8,-148.25,0.05,52
11.701196908950806,1.5,1.8,-0.30000000000000004,-0.8,DESCEND,1.8,-148.25,0.05,52
11.76175308227539,1.5,1.73,-0.22999999999999998,-0.8,DESCEND,1.73,-148.39,0.06,52
11.807574987411499,1.5,1.73,-0.22999999999999998,-0.8,DESCEND,1.73,-148.39,0.06,52
11.856688022613525,1.5,1.64,-0.1399999999999999,-0.8,DESCEND,1.64,-148.44,0.07,51
11.904070138931274,1.5,1.64,-0.1399999999999999,-0.8,DESCEND,1.64,-148.44,0.07,51
11.950486898422241,1.5,1.56,-0.06000000000000005,-0.8,DESCEND,1.56,-148.54,0.08,51
12.011567115783691,1.5,1.56,-0.06000000000000005,-0.8,DESCEND,1.56,-148.54,0.08,51
12.05949091911316,1.5,1.48,0.020000000000000018,1.0,CLIMB,1.48,-148.52,0.08,51
12.108488082885742,1.5,1.48,0.020000000000000018,1.0,CLIMB,1.48,-148.52,0.08,51
12.157565116882324,1.5,1.39,0.1100000000000001,1.0,CLIMB,1.39,-148.77,0.08,51
12.204328060150146,1.5,1.39,0.1100000000000001,1.0,CLIMB,1.39,-148.77,0.08,51
12.252401113510132,1.5,1.32,0.17999999999999994,1.0,CLIMB,1.32,-148.73,0.07,51
12.311481952667236,1.5,1.32,0.17999999999999994,1.0,CLIMB,1.32,-148.73,0.07,51
12.358068227767944,1.5,1.32,0.17999999999999994,1.0,CLIMB,1.32,-148.73,0.07,51
12.406303882598877,1.5,1.26,0.24,1.0,CLIMB,1.26,-148.73,0.05,51
12.452625036239624,1.5,1.23,0.27,1.0,CLIMB,1.23,-148.8,0.02,51
12.508810043334961,1.5,1.23,0.27,1.0,CLIMB,1.23,-148.8,0.02,51
12.557322978973389,1.5,1.24,0.26,1.0,CLIMB,1.24,-148.8,0.0,51
12.607638835906982,1.5,1.24,0.26,1.0,CLIMB,1.24,-148.8,0.0,51
12.654361963272095,1.5,1.28,0.21999999999999997,1.0,CLIMB,1.28,-148.81,-0.04,51
12.703443050384521,1.5,1.28,0.21999999999999997,1.0,CLIMB,1.28,-148.81,-0.04,51
12.753314971923828,1.5,1.35,0.1499999999999999,1.0,CLIMB,1.35,-148.76,-0.06,51
12.800713062286377,1.5,1.35,0.1499999999999999,1.0,CLIMB,1.35,-148.76,-0.06,51
12.861346960067749,1.5,1.42,0.08000000000000007,1.0,CLIMB,1.42,-148.64,-0.08,51
12.912194967269897,1.5,1.42,0.08000000000000007,1.0,CLIMB,1.42,-148.64,-0.08,51
12.961578130722046,1.5,1.53,-0.030000000000000027,-0.8,DESCEND,1.53,-148.63,-0.1,51
13.008792877197266,1.5,1.53,-0.030000000000000027,-0.8,DESCEND,1.53,-148.63,-0.1,51
13.055294036865234,1.5,1.64,-0.1399999999999999,-0.8,DESCEND,1.64,-148.51,-0.1,51
13.100275039672852,1.5,1.64,-0.1399999999999999,-0.8,DESCEND,1.64,-148.51,-0.1,51
13.162158012390137,1.5,1.76,-0.26,-0.8,DESCEND,1.76,-148.45,-0.11,51
13.209763050079346,1.5,1.76,-0.26,-0.8,DESCEND,1.76,-148.45,-0.11,51
13.260536909103394,1.5,1.88,-0.3799999999999999,-0.8,DESCEND,1.88,-148.39,-0.09,51
13.311259984970093,1.5,1.88,-0.3799999999999999,-0.8,DESCEND,1.88,-148.39,-0.09,51
13.360509157180786,1.5,1.88,-0.3799999999999999,-0.8,DESCEND,1.88,-148.39,-0.09,51
13.407615184783936,1.5,1.88,-0.3799999999999999,-0.8,DESCEND,1.88,-148.39,-0.09,51
13.456829071044922,1.5,1.98,-0.48,-0.8,DESCEND,1.98,-148.21,-0.03,51
13.50567889213562,1.5,1.98,-0.48,-0.8,DESCEND,1.98,-148.21,-0.03,51
13.555189847946167,1.5,1.98,-0.48,-0.8,DESCEND,1.98,-148.26,0.0,51
13.60352087020874,1.5,1.98,-0.48,-0.8,DESCEND,1.98,-148.26,0.0,51
13.660610914230347,1.5,1.97,-0.47,-0.8,DESCEND,1.97,-148.18,0.02,51
13.710239887237549,1.5,1.97,-0.47,-0.8,DESCEND,1.97,-148.18,0.02,51
13.757581949234009,1.5,1.92,-0.41999999999999993,-0.8,DESCEND,1.92,-148.27,0.04,50
13.80686616897583,1.5,1.92,-0.41999999999999993,-0.8,DESCEND,1.92,-148.27,0.04,50
13.85686993598938,1.5,1.87,-0.3700000000000001,-0.8,DESCEND,1.87,-148.25,0.05,50
13.904927968978882,1.5,1.87,-0.3700000000000001,-0.8,DESCEND,1.87,-148.25,0.05,50
13.953365087509155,1.5,1.79,-0.29000000000000004,-0.8,DESCEND,1.79,-148.2,0.06,50
14.002336978912354,1.5,1.79,-0.29000000000000004,-0.8,DESCEND,1.79,-148.2,0.06,50
14.051793098449707,1.5,1.79,-0.29000000000000004,-0.8,DESCEND,1.79,-148.2,0.06,50
14.103430986404419,1.5,1.71,-0.20999999999999996,-0.8,DESCEND,1.71,-148.21,0.07,50
14.151973962783813,1.5,1.71,-0.20999999999999996,-0.8,DESCEND,1.71,-148.21,0.07,50
14.211502075195312,1.5,1.63,-0.1299999999999999,-0.8,DESCEND,1.63,-148.51,0.07,50
14.259536027908325,1.5,1.56,-0.06000000000000005,-0.8,DESCEND,1.56,-148.42,0.07,50
14.308426856994629,1.5,1.56,-0.06000000000000005,-0.8,DESCEND,1.56,-148.42,0.07,50
14.358020067214966,1.5,1.56,-0.06000000000000005,-0.8,DESCEND,1.56,-148.42,0.07,50
14.406997203826904,1.5,1.47,0.030000000000000027,1.0,CLIMB,1.47,-148.64,0.07,50
14.457277059555054,1.5,1.47,0.030000000000000027,1.0,CLIMB,1.47,-148.64,0.07,50
14.503001928329468,1.5,1.39,0.1100000000000001,1.0,CLIMB,1.39,-148.67,0.07,50
14.550197839736938,1.5,1.32,0.17999999999999994,1.0,CLIMB,1.32,-148.77,0.07,50
14.610064029693604,1.5,1.32,0.17999999999999994,1.0,CLIMB,1.32,-148.77,0.07,50
14.659850120544434,1.5,1.25,0.25,1.0,CLIMB,1.25,-148.77,0.06,50
14.710701942443848,1.5,1.25,0.25,1.0,CLIMB,1.25,-148.77,0.06,50
14.760626077651978,1.5,1.19,0.31000000000000005,1.0,CLIMB,1.19,-148.83,0.04,50
14.810394048690796,1.5,1.19,0.31000000000000005,1.0,CLIMB,1.19,-148.83,0.04,50
14.860427856445312,1.5,1.18,0.32000000000000006,1.0,CLIMB,1.18,-148.9,0.01,50
14.908297061920166,1.5,1.18,0.32000000000000006,1.0,CLIMB,1.18,-148.9,0.01,50
14.95765495300293,1.5,1.19,0.31000000000000005,1.0,CLIMB,1.19,-148.86,-0.01,50
15.00406002998352,1.5,1.19,0.31000000000000005,1.0,CLIMB,1.19,-148.86,-0.01,50
15.053482055664062,1.5,1.24,0.26,1.0,CLIMB,1.24,-148.79,-0.04,50
15.101491212844849,1.5,1.24,0.26,1.0,CLIMB,1.24,-148.79,-0.04,50
15.152621984481812,1.5,1.3,0.19999999999999996,1.0,CLIMB,1.3,-148.79,-0.06,50
15.203542947769165,1.5,1.3,0.19999999999999996,1.0,CLIMB,1.3,-148.79,-0.06,50
15.251904964447021,1.5,1.36,0.1399999999999999,1.0,CLIMB,1.36,-148.68,-0.08,50
15.311586856842041,1.5,1.36,0.1399999999999999,1.0,CLIMB,1.36,-148.68,-0.08,50
15.361741065979004,1.5,1.47,0.030000000000000027,1.0,CLIMB,1.47,-148.74,-0.09,50
15.410160064697266,1.5,1.47,0.030000000000000027,1.0,CLIMB,1.47,-148.74,-0.09,50
15.458102941513062,1.5,1.57,-0.07000000000000006,-0.8,DESCEND,1.57,-148.58,-0.1,50
15.508080005645752,1.5,1.57,-0.07000000000000006,-0.8,DESCEND,1.57,-148.58,-0.1,50
15.55736494064331,1.5,1.68,-0.17999999999999994,-0.8,DESCEND,1.68,-148.53,-0.1,50
15.60623812675476,1.5,1.68,-0.17999999999999994,-0.8,DESCEND,1.68,-148.53,-0.1,50
15.656836032867432,1.5,1.79,-0.29000000000000004,-0.8,DESCEND,1.79,-148.43,-0.1,50
15.702341079711914,1.5,1.79,-0.29000000000000004,-0.8,DESCEND,1.79,-148.43,-0.1,50
15.753148078918457,1.5,1.89,-0.3899999999999999,-0.8,DESCEND,1.89,-148.26,-0.1,49
15.80358600616455,1.5,1.89,-0.3899999999999999,-0.8,DESCEND,1.89,-148.26,-0.1,49
15.853695154190063,1.5,1.97,-0.47,-0.8,DESCEND,1.97,-148.24,-0.07,49
15.902387142181396,1.5,1.97,-0.47,-0.8,DESCEND,1.97,-148.24,-0.07,49
15.951389074325562,1.5,2.03,-0.5299999999999998,-0.8,DESCEND,2.03,-148.15,-0.04,49
16.011720180511475,1.5,2.03,-0.5299999999999998,-0.8,DESCEND,2.03,-148.15,-0.04,49
16.05933403968811,1.5,2.05,-0.5499999999999998,-0.8,DESCEND,2.05,-148.19,-0.01,49
16.10758686065674,1.5,2.05,-0.5499999999999998,-0.8,DESCEND,2.05,-148.19,-0.01,49
16.15782904624939,1.5,2.03,-0.5299999999999998,-0.8,DESCEND,2.03,-148.17,0.01,49
16.202941179275513,1.5,2.03,-0.5299999999999998,-0.8,DESCEND,2.03,-148.17,0.01,49
16.26176404953003,1.5,1.99,-0.49,-0.8,DESCEND,1.99,-148.18,0.04,49
16.30968689918518,1.5,1.99,-0.49,-0.8,DESCEND,1.99,-148.18,0.04,49
16.359477996826172,1.5,1.99,-0.49,-0.8,DESCEND,1.99,-148.18,0.04,49
16.408465147018433,1.5,1.94,-0.43999999999999995,-0.8,DESCEND,1.94,-148.17,0.05,49
16.4594669342041,1.5,1.86,-0.3600000000000001,-0.8,DESCEND,1.86,-148.26,0.06,49
16.505266189575195,1.5,1.86,-0.3600000000000001,-0.8,DESCEND,1.86,-148.26,0.06,49
16.556018114089966,1.5,1.86,-0.3600000000000001,-0.8,DESCEND,1.86,-148.26,0.06,49
16.6027889251709,1.5,1.77,-0.27,-0.8,DESCEND,1.77,-148.44,0.07,49
16.650373935699463,1.5,1.77,-0.27,-0.8,DESCEND,1.77,-148.44,0.07,49
16.70947289466858,1.5,1.69,-0.18999999999999995,-0.8,DESCEND,1.69,-148.46,0.07,49
16.75907015800476,1.5,1.63,-0.1299999999999999,-0.8,DESCEND,1.63,-148.48,0.07,49
16.8092200756073,1.5,1.63,-0.1299999999999999,-0.8,DESCEND,1.63,-148.48,0.07,49
16.857656955718994,1.5,1.63,-0.1299999999999999,-0.8,DESCEND,1.63,-148.48,0.07,49
16.90684986114502,1.5,1.54,-0.040000000000000036,-0.8,DESCEND,1.54,-148.68,0.07,49
16.956187963485718,1.5,1.54,-0.040000000000000036,-0.8,DESCEND,1.54,-148.68,0.07,49
17.006309032440186,1.5,1.45,0.050000000000000044,1.0,CLIMB,1.45,-148.73,0.07,49
17.05320692062378,1.5,1.45,0.050000000000000044,1.0,CLIMB,1.45,-148.73,0.07,49
17.10095191001892,1.5,1.38,0.1200000000000001,1.0,CLIMB,1.38,-148.8,0.07,49
17.161234140396118,1.5,1.38,0.1200000000000001,1.0,CLIMB,1.38,-148.8,0.07,49
17.209747076034546,1.5,1.31,0.18999999999999995,1.0,CLIMB,1.31,-148.7,0.07,49
17.25981879234314,1.5,1.31,0.18999999999999995,1.0,CLIMB,1.31,-148.7,0.07,49
17.30640196800232,1.5,1.24,0.26,1.0,CLIMB,1.24,-148.8,0.06,49
17.357155084609985,1.5,1.24,0.26,1.0,CLIMB,1.24,-148.8,0.06,49
17.405869007110596,1.5,1.2,0.30000000000000004,1.0,CLIMB,1.2,-148.78,0.03,49
17.452229022979736,1.5,1.2,0.30000000000000004,1.0,CLIMB,1.2,-148.78,0.03,49
17.500709056854248,1.5,1.2,0.30000000000000004,1.0,CLIMB,1.2,-148.72,0.0,49
17.55105710029602,1.5,1.2,0.30000000000000004,1.0,CLIMB,1.2,-148.72,0.0,49
17.61124587059021,1.5,1.2,0.30000000000000004,1.0,CLIMB,1.2,-148.72,0.0,49
17.659871101379395,1.5,1.22,0.28,1.0,CLIMB,1.22,-148.63,-0.03,49
17.708640813827515,1.5,1.26,0.24,1.0,CLIMB,1.26,-148.7,-0.05,49
17.758243083953857,1.5,1.26,0.24,1.0,CLIMB,1.26,-148.7,-0.05,49
17.80814003944397,1.5,1.39,0.1100000000000001,1.0,CLIMB,1.39,-148.61,-0.07,48
17.85706615447998,1.5,1.39,0.1100000000000001,1.0,CLIMB,1.39,-148.61,-0.07,48
17.907508850097656,1.5,1.47,0.030000000000000027,1.0,CLIMB,1.47,-148.56,-0.08,48
17.95710802078247,1.5,1.47,0.030000000000000027,1.0,CLIMB,1.47,-148.56,-0.08,48
18.00427508354187,1.5,1.55,-0.050000000000000044,-0.8,DESCEND,1.55,-148.48,-0.09,48
18.05337905883789,1.5,1.55,-0.050000000000000044,-0.8,DESCEND,1.55,-148.48,-0.09,48
18.104362964630127,1.5,1.67,-0.16999999999999993,-0.8,DESCEND,1.67,-148.51,-0.1,48
18.1515691280365,1.5,1.67,-0.16999999999999993,-0.8,DESCEND,1.67,-148.51,-0.1,48
18.20226502418518,1.5,1.78,-0.28,-0.8,DESCEND,1.78,-148.48,-0.1,48
18.25277805328369,1.5,1.78,-0.28,-0.8,DESCEND,1.78,-148.48,-0.1,48
18.301396131515503,1.5,1.87,-0.3700000000000001,-0.8,DESCEND,1.87,-148.34,-0.1,48
18.362276077270508,1.5,1.87,-0.3700000000000001,-0.8,DESCEND,1.87,-148.34,-0.1,48
18.411890983581543,1.5,1.94,-0.43999999999999995,-0.8,DESCEND,1.94,-148.25,-0.07,48
18.458401918411255,1.5,1.94,-0.43999999999999995,-0.8,DESCEND,1.94,-148.25,-0.07,48
18.50430703163147,1.5,1.98,-0.48,-0.8,DESCEND,1.98,-148.15,-0.04,48
18.551284074783325,1.5,1.98,-0.48,-0.8,DESCEND,1.98,-148.1,0.0,48
18.61101198196411,1.5,1.98,-0.48,-0.8,DESCEND,1.98,-148.1,0.0,48
18.661151885986328,1.5,1.98,-0.48,-0.8,DESCEND,1.98,-148.1,0.0,48
18.709650993347168,1.5,1.95,-0.44999999999999996,-0.8,DESCEND,1.95,-148.29,0.01,48
18.759811878204346,1.5,1.89,-0.3899999999999999,-0.8,DESCEND,1.89,-148.26,0.04,48
18.80763602256775,1.5,1.89,-0.3899999999999999,-0.8,DESCEND,1.89,-148.26,0.04,48
18.85762119293213,1.5,1.83,-0.33000000000000007,-0.8,DESCEND,1.83,-148.34,0.05,48
18.905505895614624,1.5,1.83,-0.33000000000000007,-0.8,DESCEND,1.83,-148.34,0.05,48
18.954981088638306,1.5,1.76,-0.26,-0.8,DESCEND,1.76,-148.41,0.06,48
19.001127004623413,1.5,1.76,-0.26,-0.8,DESCEND,1.76,-148.41,0.06,48
19.062172174453735,1.5,1.68,-0.17999999999999994,-0.8,DESCEND,1.68,-148.54,0.07,48
19.11007308959961,1.5,1.68,-0.17999999999999994,-0.8,DESCEND,1.68,-148.54,0.07,48
19.158111095428467,1.5,1.6,-0.10000000000000009,-0.8,DESCEND,1.6,-148.64,0.07,48
19.20629596710205,1.5,1.6,-0.10000000000000009,-0.8,DESCEND,1.6,-148.64,0.07,48
19.25559425354004,1.5,1.51,-0.010000000000000009,-0.8,DESCEND,1.51,-148.68,0.07,48
19.303786993026733,1.5,1.51,-0.010000000000000009,-0.8,DESCEND,1.51,-148.68,0.07,48
19.35221219062805,1.5,1.51,-0.010000000000000009,-0.8,DESCEND,1.51,-148.68,0.07,48
19.401314973831177,1.5,1.44,0.06000000000000005,1.0,CLIMB,1.44,-148.65,0.07,48
19.450134992599487,1.5,1.44,0.06000000000000005,1.0,CLIMB,1.44,-148.65,0.07,48
19.500649213790894,1.5,1.36,0.1399999999999999,1.0,CLIMB,1.36,-148.81,0.07,48
19.561721086502075,1.5,1.36,0.1399999999999999,1.0,CLIMB,1.36,-148.81,0.07,48
19.61239218711853,1.5,1.29,0.20999999999999996,1.0,CLIMB,1.29,-148.81,0.07,48
19.65954899787903,1.5,1.29,0.20999999999999996,1.0,CLIMB,1.29,-148.81,0.07,48
19.706357955932617,1.5,1.29,0.20999999999999996,1.0,CLIMB,1.29,-148.81,0.07,48
19.753352165222168,1.5,1.24,0.26,1.0,CLIMB,1.24,-148.78,0.05,48
19.811468839645386,1.5,1.23,0.27,1.0,CLIMB,1.23,-148.84,0.02,47
19.857670068740845,1.5,1.23,0.27,1.0,CLIMB,1.23,-148.84,0.02,47
19.907018899917603,1.5,1.24,0.26,1.0,CLIMB,1.24,-148.9,0.0,47
19.955971002578735,1.5,1.24,0.26,1.0,CLIMB,1.24,-148.9,0.0,47
20.00507402420044,1.5,1.29,0.20999999999999996,1.0,CLIMB,1.29,-148.72,-0.03,47
20.055061101913452,1.5,1.29,0.20999999999999996,1.0,CLIMB,1.29,-148.72,-0.03,47
20.103381872177124,1.5,1.36,0.1399999999999999,1.0,CLIMB,1.36,-148.75,-0.05,47
20.150655031204224,1.5,1.36,0.1399999999999999,1.0,CLIMB,1.36,-148.75,-0.05,47
20.210329055786133,1.5,1.44,0.06000000000000005,1.0,CLIMB,1.44,-148.64,-0.07,47
20.257080078125,1.5,1.44,0.06000000000000005,1.0,CLIMB,1.44,-148.64,-0.07,47
20.303465127944946,1.5,1.53,-0.030000000000000027,-0.8,DESCEND,1.53,-148.61,-0.09,47
20.36080503463745,1.5,1.53,-0.030000000000000027,-0.8,DESCEND,1.53,-148.61,-0.09,47
20.410966873168945,1.5,1.64,-0.1399999999999999,-0.8,DESCEND,1.64,-148.48,-0.1,47
20.457844018936157,1.5,1.64,-0.1399999999999999,-0.8,DESCEND,1.64,-148.48,-0.1,47
20.503343105316162,1.5,1.76,-0.26,-0.8,DESCEND,1.76,-148.39,-0.1,47
20.553348064422607,1.5,1.76,-0.26,-0.8,DESCEND,1.76,-148.39,-0.1,47
20.60107398033142,1.5,1.84,-0.3400000000000001,-0.8,DESCEND,1.84,-148.28,-0.09,47
20.661694049835205,1.5,1.84,-0.3400000000000001,-0.8,DESCEND,1.84,-148.28,-0.09,47
20.71120810508728,1.5,1.84,-0.3400000000000001,-0.8,DESCEND,1.84,-148.28,-0.09,47
20.76175594329834,1.5,1.84,-0.3400000000000001,-0.8,DESCEND,1.84,-148.28,-0.09,47
20.812445163726807,1.5,1.94,-0.43999999999999995,-0.8,DESCEND,1.94,-148.25,-0.04,47
20.85847496986389,1.5,1.94,-0.43999999999999995,-0.8,DESCEND,1.94,-148.25,-0.04,47
20.908063888549805,1.5,1.93,-0.42999999999999994,-0.8,DESCEND,1.93,-148.31,0.0,47
20.955606937408447,1.5,1.93,-0.42999999999999994,-0.8,DESCEND,1.93,-148.31,0.0,47
21.004442930221558,1.5,1.91,-0.4099999999999999,-0.8,DESCEND,1.91,-148.32,0.02,47
21.054264068603516,1.5,1.91,-0.4099999999999999,-0.8,DESCEND,1.91,-148.32,0.02,47
21.10341215133667,1.5,1.85,-0.3500000000000001,-0.8,DESCEND,1.85,-148.32,0.04,47
21.15017008781433,1.5,1.85,-0.3500000000000001,-0.8,DESCEND,1.85,-148.32,0.04,47
21.20990300178528,1.5,1.79,-0.29000000000000004,-0.8,DESCEND,1.79,-148.39,0.05,47
21.254951000213623,1.5,1.79,-0.29000000000000004,-0.8,DESCEND,1.79,-148.39,0.05,47
21.30091691017151,1.5,1.71,-0.20999999999999996,-0.8,DESCEND,1.71,-148.47,0.06,47
21.360860109329224,1.5,1.71,-0.20999999999999996,-0.8,DESCEND,1.71,-148.47,0.06,47
21.410937070846558,1.5,1.64,-0.1399999999999999,-0.8,DESCEND,1.64,-148.5,0.07,47
21.45950412750244,1.5,1.64,-0.1399999999999999,-0.8,DESCEND,1.64,-148.5,0.07,47
21.507541179656982,1.5,1.55,-0.050000000000000044,-0.8,DESCEND,1.55,-148.57,0.07,47
21.558456897735596,1.5,1.55,-0.050000000000000044,-0.8,DESCEND,1.55,-148.57,0.07,47
21.608991861343384,1.5,1.48,0.020000000000000018,1.0,CLIMB,1.48,-148.66,0.07,47
21.65848207473755,1.5,1.48,0.020000000000000018,1.0,CLIMB,1.48,-148.66,0.07,47
21.707063913345337,1.5,1.4,0.10000000000000009,1.0,CLIMB,1.4,-148.8,0.07,47
21.75383687019348,1.5,1.4,0.10000000000000009,1.0,CLIMB,1.4,-148.8,0.07,47
21.80390501022339,1.5,1.4,0.10000000000000009,1.0,CLIMB,1.4,-148.8,0.07,47
21.85275411605835,1.5,1.33,0.16999999999999993,1.0,CLIMB,1.33,-148.87,0.07,46
21.90242600440979,1.5,1.33,0.16999999999999993,1.0,CLIMB,1.33,-148.87,0.07,46
21.96056318283081,1.5,1.27,0.22999999999999998,1.0,CLIMB,1.27,-148.77,0.06,46
22.01162886619568,1.5,1.24,0.26,1.0,CLIMB,1.24,-148.8,0.03,46
22.060832977294922,1.5,1.24,0.26,1.0,CLIMB,1.24,-148.8,0.03,46
22.10949397087097,1.5,1.24,0.26,1.0,CLIMB,1.24,-148.8,0.03,46
22.157248973846436,1.5,1.26,0.24,1.0,CLIMB,1.26,-148.75,0.0,46
22.206361055374146,1.5,1.29,0.20999999999999996,1.0,CLIMB,1.29,-148.8,-0.03,46
22.254414081573486,1.5,1.29,0.20999999999999996,1.0,CLIMB,1.29,-148.8,-0.03,46
22.303375005722046,1.5,1.36,0.1399999999999999,1.0,CLIMB,1.36,-148.71,-0.05,46
22.35346293449402,1.5,1.36,0.1399999999999999,1.0,CLIMB,1.36,-148.71,-0.05,46
22.402936935424805,1.5,1.46,0.040000000000000036,1.0,CLIMB,1.46,-148.7,-0.07,46
22.461824893951416,1.5,1.46,0.040000000000000036,1.0,CLIMB,1.46,-148.7,-0.07,46
22.512234926223755,1.5,1.54,-0.040000000000000036,-0.8,DESCEND,1.54,-148.62,-0.08,46
22.55950093269348,1.5,1.54,-0.040000000000000036,-0.8,DESCEND,1.54,-148.62,-0.08,46
22.606592893600464,1.5,1.64,-0.1399999999999999,-0.8,DESCEND,1.64,-148.48,-0.09,46
22.655114889144897,1.5,1.64,-0.1399999999999999,-0.8,DESCEND,1.64,-148.48,-0.09,46
22.701651096343994,1.5,1.76,-0.26,-0.8,DESCEND,1.76,-148.4,-0.1,46
22.760229110717773,1.5,1.76,-0.26,-0.8,DESCEND,1.76,-148.4,-0.1,46
22.80850601196289,1.5,1.86,-0.3600000000000001,-0.8,DESCEND,1.86,-148.44,-0.08,46
22.85424304008484,1.5,1.86,-0.3600000000000001,-0.8,DESCEND,1.86,-148.44,-0.08,46
22.912108898162842,1.5,1.93,-0.42999999999999994,-0.8,DESCEND,1.93,-148.29,-0.04,46
22.961237907409668,1.5,1.93,-0.42999999999999994,-0.8,DESCEND,1.93,-148.29,-0.04,46
23.009489059448242,1.5,1.96,-0.45999999999999996,-0.8,DESCEND,1.96,-148.21,-0.01,46
23.054858922958374,1.5,1.96,-0.45999999999999996,-0.8,DESCEND,1.96,-148.21,-0.01,46
23.10582399368286,1.5,1.97,-0.47,-0.8,DESCEND,1.97,-148.28,0.01,46
23.154751777648926,1.5,1.97,-0.47,-0.8,DESCEND,1.97,-148.28,0.01,46
23.205458164215088,1.5,1.96,-0.45999999999999996,-0.8,DESCEND,1.96,-148.26,0.03,46
23.256219148635864,1.5,1.96,-0.45999999999999996,-0.8,DESCEND,1.96,-148.26,0.03,46
23.301589250564575,1.5,1.92,-0.41999999999999993,-0.8,DESCEND,1.92,-148.28,0.05,46
23.360637187957764,1.5,1.92,-0.41999999999999993,-0.8,DESCEND,1.92,-148.28,0.05,46
23.407783031463623,1.5,1.86,-0.3600000000000001,-0.8,DESCEND,1.86,-148.31,0.06,46
23.45551609992981,1.5,1.86,-0.3600000000000001,-0.8,DESCEND,1.86,-148.31,0.06,46
23.502734899520874,1.5,1.79,-0.29000000000000004,-0.8,DESCEND,1.79,-148.36,0.07,46
23.553383111953735,1.5,1.79,-0.29000000000000004,-0.8,DESCEND,1.79,-148.36,0.07,46
23.601267099380493,1.5,1.7,-0.19999999999999996,-0.8,DESCEND,1.7,-148.45,0.07,46
23.658545970916748,1.5,1.7,-0.19999999999999996,-0.8,DESCEND,1.7,-148.45,0.07,46
23.706707000732422,1.5,1.7,-0.19999999999999996,-0.8,DESCEND,1.7,-148.45,0.07,46
23.756634950637817,1.5,1.62,-0.1200000000000001,-0.8,DESCEND,1.62,-148.6,0.07,46
23.80698800086975,1.5,1.54,-0.040000000000000036,-0.8,DESCEND,1.54,-148.67,0.07,45
23.855260133743286,1.5,1.54,-0.040000000000000036,-0.8,DESCEND,1.54,-148.67,0.07,45
23.90480399131775,1.5,1.54,-0.040000000000000036,-0.8,DESCEND,1.54,-148.67,0.07,45
23.951898097991943,1.5,1.47,0.030000000000000027,1.0,CLIMB,1.47,-148.72,0.07,45
24.002806901931763,1.5,1.39,0.1100000000000001,1.0,CLIMB,1.39,-148.81,0.07,45
24.050089120864868,1.5,1.39,0.1100000000000001,1.0,CLIMB,1.39,-148.81,0.07,45
24.110241889953613,1.5,1.32,0.17999999999999994,1.0,CLIMB,1.32,-148.81,0.06,45
24.15755295753479,1.5,1.32,0.17999999999999994,1.0,CLIMB,1.32,-148.81,0.06,45
24.20737385749817,1.5,1.26,0.24,1.0,CLIMB,1.26,-148.8,0.04,45
24.25652503967285,1.5,1.26,0.24,1.0,CLIMB,1.26,-148.8,0.04,45
24.305177927017212,1.5,1.22,0.28,1.0,CLIMB,1.22,-148.77,0.01,45
24.35334014892578,1.5,1.22,0.28,1.0,CLIMB,1.22,-148.77,0.01,45
24.403157234191895,1.5,1.22,0.28,1.0,CLIMB,1.22,-148.77,0.01,45
24.45224404335022,1.5,1.21,0.29000000000000004,1.0,CLIMB,1.21,-148.92,-0.01,45
24.501670122146606,1.5,1.21,0.29000000000000004,1.0,CLIMB,1.21,-148.92,-0.01,45
24.550092935562134,1.5,1.25,0.25,1.0,CLIMB,1.25,-148.78,-0.04,45
24.60950016975403,1.5,1.25,0.25,1.0,CLIMB,1.25,-148.78,-0.04,45
24.658064126968384,1.5,1.29,0.20999999999999996,1.0,CLIMB,1.29,-148.77,-0.06,45
24.70788288116455,1.5,1.29,0.20999999999999996,1.0,CLIMB,1.29,-148.77,-0.06,45
24.757883071899414,1.5,1.38,0.1200000000000001,1.0,CLIMB,1.38,-148.7,-0.08,45
24.80782699584961,1.5,1.38,0.1200000000000001,1.0,CLIMB,1.38,-148.7,-0.08,45
24.857567071914673,1.5,1.51,-0.010000000000000009,-0.8,DESCEND,1.51,-148.63,-0.09,45
24.90851593017578,1.5,1.51,-0.010000000000000009,-0.8,DESCEND,1.51,-148.63,-0.09,45
24.957644939422607,1.5,1.51,-0.010000000000000009,-0.8,DESCEND,1.51,-148.63,-0.09,45
25.007527112960815,1.5,1.61,-0.1100000000000001,-0.8,DESCEND,1.61,-148.53,-0.1,45
25.05755090713501,1.5,1.73,-0.22999999999999998,-0.8,DESCEND,1.73,-148.45,-0.1,45
25.108497142791748,1.5,1.73,-0.22999999999999998,-0.8,DESCEND,1.73,-148.45,-0.1,45
25.159176111221313,1.5,1.82,-0.32000000000000006,-0.8,DESCEND,1.82,-148.32,-0.09,45
25.20860719680786,1.5,1.82,-0.32000000000000006,-0.8,DESCEND,1.82,-148.32,-0.09,45
25.260074853897095,1.5,1.9,-0.3999999999999999,-0.8,DESCEND,1.9,-148.19,-0.06,45
25.30735492706299,1.5,1.9,-0.3999999999999999,-0.8,DESCEND,1.9,-148.19,-0.06,45
25.3536639213562,1.5,1.92,-0.41999999999999993,-0.8,DESCEND,1.92,-148.17,-0.03,45
25.40332293510437,1.5,1.92,-0.41999999999999993,-0.8,DESCEND,1.92,-148.17,-0.03,45
25.45334005355835,1.5,1.93,-0.42999999999999994,-0.8,DESCEND,1.93,-148.23,0.0,45
25.50179123878479,1.5,1.93,-0.42999999999999994,-0.8,DESCEND,1.93,-148.23,0.0,45
25.56181311607361,1.5,1.9,-0.3999999999999999,-0.8,DESCEND,1.9,-148.24,0.02,45
25.608936071395874,1.5,1.9,-0.3999999999999999,-0.8,DESCEND,1.9,-148.24,0.02,45
25.658037900924683,1.5,1.85,-0.3500000000000001,-0.8,DESCEND,1.85,-148.31,0.04,45
25.703821897506714,1.5,1.85,-0.3500000000000001,-0.8,DESCEND,1.85,-148.31,0.04,45
25.751167058944702,1.5,1.8,-0.30000000000000004,-0.8,DESCEND,1.8,-148.36,0.05,45
25.801202058792114,1.5,1.8,-0.30000000000000004,-0.8,DESCEND,1.8,-148.36,0.05,45
25.85155200958252,1.5,1.72,-0.21999999999999997,-0.8,DESCEND,1.72,-148.44,0.06,44
25.901180028915405,1.5,1.72,-0.21999999999999997,-0.8,DESCEND,1.72,-148.44,0.06,44
25.961963891983032,1.5,1.72,-0.21999999999999997,-0.8,DESCEND,1.72,-148.44,0.06,44
26.011168003082275,1.5,1.65,-0.1499999999999999,-0.8,DESCEND,1.65,-148.49,0.07,44
26.0592360496521,1.5,1.58,-0.08000000000000007,-0.8,DESCEND,1.58,-148.48,0.07,44
26.107622146606445,1.5,1.58,-0.08000000000000007,-0.8,DESCEND,1.58,-148.48,0.07,44
26.15739107131958,1.5,1.5,0.0,0.0,HOLD,1.5,-148.53,0.07,44
26.207597017288208,1.5,1.5,0.0,0.0,HOLD,1.5,-148.53,0.07,44
26.25749897956848,1.5,1.42,0.08000000000000007,1.0,CLIMB,1.42,-148.62,0.07,44
26.30650305747986,1.5,1.42,0.08000000000000007,1.0,CLIMB,1.42,-148.62,0.07,44
26.356642961502075,1.5,1.35,0.1499999999999999,1.0,CLIMB,1.35,-148.72,0.07,44
26.405401945114136,1.5,1.35,0.1499999999999999,1.0,CLIMB,1.35,-148.72,0.07,44
26.452540159225464,1.5,1.3,0.19999999999999996,1.0,CLIMB,1.3,-148.73,0.05,44
26.511682987213135,1.5,1.26,0.24,1.0,CLIMB,1.26,-148.75,0.02,44
26.561357975006104,1.5,1.26,0.24,1.0,CLIMB,1.26,-148.75,0.02,44
26.607620000839233,1.5,1.26,0.24,1.0,CLIMB,1.26,-148.72,0.0,44
26.653368949890137,1.5,1.26,0.24,1.0,CLIMB,1.26,-148.72,0.0,44
26.702616930007935,1.5,1.29,0.20999999999999996,1.0,CLIMB,1.29,-148.72,-0.03,44
26.750080823898315,1.5,1.29,0.20999999999999996,1.0,CLIMB,1.29,-148.72,-0.03,44
26.811728954315186,1.5,1.29,0.20999999999999996,1.0,CLIMB,1.29,-148.72,-0.03,44
26.859055042266846,1.5,1.34,0.15999999999999992,1.0,CLIMB,1.34,-148.7,-0.05,44
26.907361030578613,1.5,1.34,0.15999999999999992,1.0,CLIMB,1.34,-148.7,-0.05,44
26.955444812774658,1.5,1.34,0.15999999999999992,1.0,CLIMB,1.34,-148.7,-0.05,44
27.003926992416382,1.5,1.43,0.07000000000000006,1.0,CLIMB,1.43,-148.62,-0.07,44
27.051256895065308,1.5,1.43,0.07000000000000006,1.0,CLIMB,1.43,-148.62,-0.07,44
27.109554052352905,1.5,1.52,-0.020000000000000018,-0.8,DESCEND,1.52,-148.53,-0.09,44
27.158031940460205,1.5,1.62,-0.1200000000000001,-0.8,DESCEND,1.62,-148.41,-0.1,44
27.209139108657837,1.5,1.62,-0.1200000000000001,-0.8,DESCEND,1.62,-148.41,-0.1,44
27.258304834365845,1.5,1.73,-0.22999999999999998,-0.8,DESCEND,1.73,-148.43,-0.1,44
27.30527901649475,1.5,1.73,-0.22999999999999998,-0.8,DESCEND,1.73,-148.43,-0.1,44
27.352767944335938,1.5,1.82,-0.32000000000000006,-0.8,DESCEND,1.82,-148.3,-0.09,44
27.4028799533844,1.5,1.82,-0.32000000000000006,-0.8,DESCEND,1.82,-148.3,-0.09,44
27.451509952545166,1.5,1.91,-0.4099999999999999,-0.8,DESCEND,1.91,-148.27,-0.07,44
27.5116708278656,1.5,1.91,-0.4099999999999999,-0.8,DESCEND,1.91,-148.27,-0.07,44
27.561678886413574,1.5,1.96,-0.45999999999999996,-0.8,DESCEND,1.96,-148.19,-0.04,44
27.609844207763672,1.5,1.96,-0.45999999999999996,-0.8,DESCEND,1.96,-148.19,-0.04,44
27.658420085906982,1.5,1.97,-0.47,-0.8,DESCEND,1.97,-148.12,0.0,44
27.703480005264282,1.5,1.97,-0.47,-0.8,DESCEND,1.97,-148.12,0.0,44
27.7517831325531,1.5,1.96,-0.45999999999999996,-0.8,DESCEND,1.96,-148.15,0.01,43
27.802690029144287,1.5,1.96,-0.45999999999999996,-0.8,DESCEND,1.96,-148.15,0.01,43
27.86092209815979,1.5,1.91,-0.4099999999999999,-0.8,DESCEND,1.91,-148.12,0.04,43
27.910250902175903,1.5,1.91,-0.4099999999999999,-0.8,DESCEND,1.91,-148.12,0.04,43
27.95693612098694,1.5,1.86,-0.3600000000000001,-0.8,DESCEND,1.86,-148.18,0.05,43
28.00752305984497,1.5,1.86,-0.3600000000000001,-0.8,DESCEND,1.86,-148.18,0.05,43
28.05740785598755,1.5,1.86,-0.3600000000000001,-0.8,DESCEND,1.86,-148.18,0.05,43
28.105418920516968,1.5,1.78,-0.28,-0.8,DESCEND,1.78,-148.21,0.06,43
28.155832052230835,1.5,1.7,-0.19999999999999996,-0.8,DESCEND,1.7,-148.39,0.07,43
28.203332901000977,1.5,1.7,-0.19999999999999996,-0.8,DESCEND,1.7,-148.39,0.07,43
28.261656045913696,1.5,1.63,-0.1299999999999999,-0.8,DESCEND,1.63,-148.45,0.07,43
28.310877084732056,1.5,1.63,-0.1299999999999999,-0.8,DESCEND,1.63,-148.45,0.07,43
28.358872890472412,1.5,1.54,-0.040000000000000036,-0.8,DESCEND,1.54,-148.45,0.07,43
28.40755796432495,1.5,1.54,-0.040000000000000036,-0.8,DESCEND,1.54,-148.45,0.07,43
28.453428983688354,1.5,1.47,0.030000000000000027,1.0,CLIMB,1.47,-148.48,0.07,43
28.502201080322266,1.5,1.47,0.030000000000000027,1.0,CLIMB,1.47,-148.48,0.07,43
28.550019025802612,1.5,1.4,0.10000000000000009,1.0,CLIMB,1.4,-148.65,0.07,43
28.609820127487183,1.5,1.4,0.10000000000000009,1.0,CLIMB,1.4,-148.65,0.07,43
28.65747594833374,1.5,1.32,0.17999999999999994,1.0,CLIMB,1.32,-148.61,0.07,43
28.707396984100342,1.5,1.32,0.17999999999999994,1.0,CLIMB,1.32,-148.61,0.07,43
28.755494117736816,1.5,1.27,0.22999999999999998,1.0,CLIMB,1.27,-148.7,0.04,43
28.803915977478027,1.5,1.27,0.22999999999999998,1.0,CLIMB,1.27,-148.7,0.04,43
28.854047060012817,1.5,1.25,0.25,1.0,CLIMB,1.25,-148.69,0.01,43
28.9065260887146,1.5,1.25,0.25,1.0,CLIMB,1.25,-148.69,0.01,43
28.953193187713623,1.5,1.27,0.22999999999999998,1.0,CLIMB,1.27,-148.7,-0.01,43
29.009505033493042,1.5,1.27,0.22999999999999998,1.0,CLIMB,1.27,-148.7,-0.01,43
29.05577301979065,1.5,1.31,0.18999999999999995,1.0,CLIMB,1.31,-148.67,-0.04,43
29.104238986968994,1.5,1.31,0.18999999999999995,1.0,CLIMB,1.31,-148.67,-0.04,43
29.1550350189209,1.5,1.38,0.1200000000000001,1.0,CLIMB,1.38,-148.57,-0.06,43
29.203695058822632,1.5,1.38,0.1200000000000001,1.0,CLIMB,1.38,-148.57,-0.06,43
29.252543926239014,1.5,1.46,0.040000000000000036,1.0,CLIMB,1.46,-148.46,-0.08,43
29.30010199546814,1.5,1.46,0.040000000000000036,1.0,CLIMB,1.46,-148.46,-0.08,43
29.357749938964844,1.5,1.56,-0.06000000000000005,-0.8,DESCEND,1.56,-148.5,-0.09,43
29.406963109970093,1.5,1.56,-0.06000000000000005,-0.8,DESCEND,1.56,-148.5,-0.09,43
29.458308935165405,1.5,1.67,-0.16999999999999993,-0.8,DESCEND,1.67,-148.33,-0.1,43
29.506839990615845,1.5,1.67,-0.16999999999999993,-0.8,DESCEND,1.67,-148.33,-0.1,43
29.55654788017273,1.5,1.67,-0.16999999999999993,-0.8,DESCEND,1.67,-148.33,-0.1,43
29.605517864227295,1.5,1.78,-0.28,-0.8,DESCEND,1.78,-148.32,-0.1,43
29.655743837356567,1.5,1.78,-0.28,-0.8,DESCEND,1.78,-148.32,-0.1,43
29.705399990081787,1.5,1.87,-0.3700000000000001,-0.8,DESCEND,1.87,-148.21,-0.09,43
29.756196975708008,1.5,1.87,-0.3700000000000001,-0.8,DESCEND,1.87,-148.21,-0.09,43
29.803322076797485,1.5,1.94,-0.43999999999999995,-0.8,DESCEND,1.94,-148.14,-0.06,42
29.854303121566772,1.5,1.94,-0.43999999999999995,-0.8,DESCEND,1.94,-148.14,-0.06,42
29.903321027755737,1.5,1.98,-0.48,-0.8,DESCEND,1.98,-148.05,-0.02,42
29.951142072677612,1.5,1.98,-0.48,-0.8,DESCEND,1.98,-148.05,-0.02,42
