time,x_ref,y_ref,z_ref,x_meas,y_meas,z_meas,vx_cmd,vy_cmd,vz_cmd
0.015538930892944336,0.3,0.3,2.0,0.2426733215174409,-0.2007079531682828,1.9880861421736347,0.053313810988779964,0.3,0.01131816493504707
0.06647300720214844,0.3,0.3,2.0,0.24426789087899298,-0.2023555523720936,1.9896327982500426,0.051830861482536524,0.3,0.009848841662459551
0.11469483375549316,0.3,0.3,2.0,0.2458362557294352,-0.20387006185556328,1.9919252113076675,0.050372282171625246,0.3,0.007671049257715844
0.16457605361938477,0.3,0.3,2.0,0.24618685365338117,-0.20421126217992744,1.9905665528277772,0.050046226102355505,0.3,0.008961774813611689
0.2126169204711914,0.3,0.3,2.0,0.2471822144201031,-0.20477199365162968,1.9939122472583377,0.04912054058930411,0.3,0.005783365104579174
0.2727670669555664,0.3,0.3,2.0,0.24773251087070045,-0.2058936382025514,1.9945733725734132,0.048608764890248575,0.3,0.005155296055257497
0.32175111770629883,0.3,0.3,2.0,0.2482583369042238,-0.20471961065988067,1.9966001028081442,0.04811974667907185,0.3,0.003229902332263057
0.3719627857208252,0.3,0.3,2.0,0.2484882675855534,-0.20319952586449616,1.997944375316124,0.04790591114543533,0.3,0.0019528434496822954
0.41881608963012695,0.3,0.3,2.0,0.24907143085521002,-0.19812256990251662,2.0044135551341817,0.04736356930465467,0.3,-0.004192877377472648
0.4647238254547119,0.3,0.3,2.0,0.24914588463589224,-0.19127256354010394,2.005773971950505,0.04729432728862021,0.3,-0.005485273352979747
0.5109858512878418,0.3,0.3,2.0,0.24914588463589224,-0.19127256354010394,2.005773971950505,0.04729432728862021,0.3,-0.005485273352979747
0.5682291984558105,0.3,0.3,2.0,0.2500138346952735,-0.18296146916279785,2.011830737789285,0.04648713373339564,0.3,-0.011239200899820756
0.6164109706878662,0.3,0.3,2.0,0.25130821204696996,-0.17306879352102622,2.017948766285976,0.04528336279631793,0.3,-0.017051327971677275
0.6634180545806885,0.3,0.3,2.0,0.25182262385010334,-0.16762928117426948,2.02026348459334,0.04480495981940388,0.3,-0.01925031036367304
0.7139630317687988,0.3,0.3,2.0,0.25226103589987964,-0.16196259224057225,2.02088014924752,0.04439723661311193,0.3,-0.01983614178514412
0.7621598243713379,0.3,0.3,2.0,0.25438217447772893,-0.14985178578659952,2.027751968915757,0.042424577735712087,0.3,-0.02636437046996898
0.8214859962463379,0.3,0.3,2.0,0.25687055785268337,-0.13629297600118356,2.0358606354421847,0.04011038119700446,0.3,-0.03406760367007542
0.8703107833862305,0.3,0.3,2.0,0.2580386319567804,-0.12965117031397183,2.038853443245925,0.03902407228019422,0.3,-0.036910771083628634
0.9186029434204102,0.3,0.3,2.0,0.2604466816387211,-0.11673015756354418,2.042869014354572,0.036784586075989376,0.3,-0.04072556363684321
0.9659688472747803,0.3,0.3,2.0,0.26213444758567134,-0.10969529140598508,2.0483053656752808,0.03521496374532565,0.3,-0.045890097391516727
1.013361930847168,0.3,0.3,2.0,0.2650759801336748,-0.09555681154161337,2.0557225431139483,0.03247933847568244,0.3,-0.05293641595825089
1.0728991031646729,0.3,0.3,2.0,0.26597256194683405,-0.08833936775490892,2.0553486603706754,0.03164551738944432,0.3,-0.05258122735214166
1.1191821098327637,0.3,0.3,2.0,0.2690823638733292,-0.07395369810082092,2.064401694788865,0.028753401597803856,0.3,-0.061181610049421575
1.165827989578247,0.3,0.3,2.0,0.27027521892184037,-0.06678662355636511,2.065491957865105,0.02764404640268845,0.3,-0.062217359971849934
1.2145531177520752,0.3,0.3,2.0,0.27113135434810876,-0.05988824338442033,2.061410818442006,0.026847840456258848,0.3,-0.05834027751990582
1.2608320713043213,0.3,0.3,2.0,0.2749496166249515,-0.04503693762032406,2.0718043939649,0.023296856538795107,0.3,-0.068214174266655
1.3207180500030518,0.3,0.3,2.0,0.2782840000308926,-0.031205543968543744,2.075148925597431,0.020195879971269873,0.3,-0.07139147931755958
1.3667378425598145,0.3,0.3,2.0,0.28022980755227117,-0.02426296054416042,2.077886901537066,0.018386278976387803,0.3,-0.0739925564602125
1.4146649837493896,0.3,0.3,2.0,0.28187475233376463,-0.016829637347650073,2.0792807273438263,0.016856480329598883,0.3,-0.07531669097663497
1.4704639911651611,0.3,0.3,2.0,0.2884136093162862,0.005333038265244354,2.0919327242133146,0.010775343335853844,0.3,-0.08733608800264882
1.5157299041748047,0.3,0.3,2.0,0.2899954632378727,0.013117551835679751,2.093606878335884,0.009304219188778403,0.3,-0.08892653441908968
1.5621960163116455,0.3,0.3,2.0,0.29170600679331177,0.020323424409310523,2.0916873854627056,0.007713413682220047,0.3,-0.08710301618957032
1.622891902923584,0.3,0.3,2.0,0.293064390994353,0.02083840348069572,2.103084492962157,0.006450116375251703,0.3,-0.09793026831404898
1.6668179035186768,0.3,0.3,2.0,0.2944054104999752,0.027451849073779313,2.098736603053483,0.005202968235023048,0.3,-0.09379977290080871
1.7121829986572266,0.3,0.3,2.0,0.2965589850774338,0.035346263759830826,2.1023501520795036,0.0032001438779865757,0.3,-0.09723264447552842
1.7733707427978516,0.3,0.3,2.0,0.2973951965084491,0.04984757755419375,2.0775571437300977,0.002422467247142337,0.3,-0.0736792865435928
1.8177690505981445,0.3,0.3,2.0,0.30180130359741447,0.06471127892374309,2.0856943792996003,-0.0016752123455954693,0.3,-0.08140966033462031
2.0118210315704346,0.3,0.3,2.0,0.3130764807922231,0.09964872925267305,2.098339478281249,-0.012161127136767504,0.26045665197152507,-0.09342250436718655
2.069833993911743,0.3,0.3,2.0,0.32226142030458566,0.11944853016133511,2.139099606179575,-0.02070312088326467,0.23471691079026435,-0.13214462587059608
2.116118907928467,0.3,0.3,2.0,0.3245423441675872,0.13242937790925183,2.1278546107219904,-0.02282438007585611,0.21784180871797262,-0.12146188018589092
2.2208168506622314,0.3,0.3,2.0,0.3310884700055192,0.155260857634726,2.134574935587967,-0.028912277105132885,0.1881608850748562,-0.1278461888085685
2.2702929973602295,0.3,0.3,2.0,0.3351010786134359,0.16239097375108424,2.147819471428502,-0.03264400311049541,0.17889173412359047,-0.14042849785707703
2.316547155380249,0.3,0.3,2.0,0.33886062711729403,0.17637607718866932,2.1456988151827026,-0.036140383219083465,0.16071109965472988,-0.13841387442356742
2.36076283454895,0.3,0.3,2.0,0.34054888056213456,0.1819556891252519,2.14186169826992,-0.03771045892278515,0.15345760413717252,-0.13476861335642412
2.4636809825897217,0.3,0.3,2.0,0.34260134942767123,0.20090553321582383,2.1007071374656423,-0.03961925496773426,0.128822806819429,-0.09567178059236019
2.5107781887054443,0.3,0.3,2.0,0.34260134942767123,0.20090553321582383,2.1007071374656423,-0.03961925496773426,0.128822806819429,-0.09567178059236019
2.5695459842681885,0.3,0.3,2.0,0.3578808738720332,0.22798793046329024,2.157431030551359,-0.0538292127009909,0.09361569039772268,-0.14955947902379113
2.616481065750122,0.3,0.3,2.0,0.36291689267624305,0.23657063822822294,2.1609832294867104,-0.05851271018890605,0.08245817030331017,-0.15293406801237489
2.6631920337677,0.3,0.3,2.0,0.3651556522435878,0.24107530699777843,2.1632789599131192,-0.06059475658653668,0.07660210090288802,-0.15511501191746327
2.7105228900909424,0.3,0.3,2.0,0.3669411937661766,0.24478358598362304,2.16179431086952,-0.062255310202544274,0.07178133822129003,-0.15370459532604389
2.767676830291748,0.3,0.3,2.0,0.37020452426545325,0.25015237154729414,2.1537756208310177,-0.06529020756687154,0.0648019169885176,-0.14608683978946682
2.8114078044891357,0.3,0.3,2.0,0.3725845658499213,0.25275691291113234,2.1537262629829,-0.0675036462404268,0.06141601321552795,-0.14603994983375515
2.871504783630371,0.3,0.3,2.0,0.37726186741965223,0.2579165014518744,2.1503975335225407,-0.07185353670027658,0.05470854811256328,-0.14287765684641365
2.9181177616119385,0.3,0.3,2.0,0.3817381882543254,0.2641558412789306,2.1468005460017547,-0.07601651507652261,0.0465974063373902,-0.139460518701667
2.964238166809082,0.3,0.3,2.0,0.3836509417289326,0.26538753439659946,2.1438430881441586,-0.07779537580790734,0.04499620528442069,-0.13665093373695064
3.0113651752471924,0.3,0.3,2.0,0.3853596167011909,0.2652390755275804,2.138435261992342,-0.07938444353210755,0.04518920181414545,-0.13151349889272482
3.0714821815490723,0.3,0.3,2.0,0.38993527080832957,0.26785711709113774,2.1362524137934082,-0.08363980185174652,0.04178574778152092,-0.12943979310373782
3.119684934616089,0.3,0.3,2.0,0.3926903254634095,0.267759999940759,2.123625201509117,-0.08620200268097084,0.04191200007701329,-0.11744394143366119
3.164083957672119,0.3,0.3,2.0,0.39518654722905916,0.26836963365182515,2.1234455626561366,-0.08852348892302503,0.041119476252627296,-0.11727328452332976
3.2210538387298584,0.3,0.3,2.0,0.3993667744911381,0.2682864793765694,2.1188022259502817,-0.09241110027675846,0.04122757681045976,-0.11286211465276758
3.268425941467285,0.3,0.3,2.0,0.39979488987667877,0.2667576731151475,2.108875986142026,-0.09280924758531127,0.04321502495030827,-0.10343218683492478
3.3136098384857178,0.3,0.3,2.0,0.4013667260553176,0.26595294417015525,2.1046426542241545,-0.09427105523144537,0.044261172578798164,-0.0994105215129468
3.36114501953125,0.3,0.3,2.0,0.40444961740053326,0.26482523386431195,2.0995152036993376,-0.09713814418249594,0.04572719597639446,-0.09453944351437076
3.4204139709472656,0.3,0.3,2.0,0.40572433338263647,0.26267704795058233,2.086212208853163,-0.09832363004585193,0.048519837664242955,-0.08190159841050479
3.466218948364258,0.3,0.3,2.0,0.40738633457111223,0.26056027094286066,2.0764671257743665,-0.0998692911511344,0.05127164777428113,-0.07264376948564821
3.512921094894409,0.3,0.3,2.0,0.40738633457111223,0.26056027094286066,2.0764671257743665,-0.0998692911511344,0.05127164777428113,-0.07264376948564821
3.5589849948883057,0.3,0.3,2.0,0.4085007408218508,0.2586776074564572,2.0668190408460942,-0.10090568896432124,0.05371911030660565,-0.06347808880378954
3.617985963821411,0.3,0.3,2.0,0.40967130230916843,0.25784672167487,2.0604658137300285,-0.10199431114752665,0.054799261822669,-0.05744252304352704
3.6614608764648438,0.3,0.3,2.0,0.4100393108719218,0.2579838435223701,2.0576840065497173,-0.10233655911088729,0.05462100342091888,-0.05479980622223141
3.718053102493286,0.3,0.3,2.0,0.40879378422012813,0.2575601464345047,2.049006130339008,-0.10117821932471918,0.05517180963514388,-0.046555823822057515
3.7632570266723633,0.3,0.3,2.0,0.4080585341609196,0.25725762620697395,2.0414063716598516,-0.10049443676965523,0.055565085930933844,-0.039336053076859036
3.820324182510376,0.3,0.3,2.0,0.40642488901363755,0.2570437154216267,2.0316138738404104,-0.09897514678268293,0.0558431699518853,-0.03003318014838985
3.8674681186676025,0.3,0.3,2.0,0.40502392956802213,0.25783475100672715,2.0246242174480162,-0.0976722544982606,0.0548148236912547,-0.023393006575615424
3.912639856338501,0.3,0.3,2.0,0.4025576825960739,0.2589918328696311,2.0170692207053547,-0.09537864481434873,0.05331061726947953,-0.016215759670086927
3.958789825439453,0.3,0.3,2.0,0.4012152735998572,0.260081411175033,2.0140384253836223,-0.09413020444786721,0.05189416547245712,-0.013336504114441206
4.01868200302124,0.3,0.3,2.0,0.39775149466403287,0.2625197852097425,2.0077604601240244,-0.09090889003755058,0.04872427922733473,-0.007372437117823205
4.065567970275879,0.3,0.3,2.0,0.39585341581477823,0.26415766614074465,2.00388285086184,-0.08914367670774377,0.04659503401703194,-0.003688708318748035
4.121840953826904,0.3,0.3,2.0,0.3927318699612637,0.2683056003802403,2.003449527553868,-0.08624063906397525,0.041202719505687574,-0.003277051176174561
4.169445753097534,0.3,0.3,2.0,0.39021671413575165,0.26970957048384664,1.9993462545245626,-0.08390154414624905,0.039377558370999356,0.0006210582016655253
4.215050935745239,0.3,0.3,2.0,0.3856870825367429,0.2725367817923065,1.99507112634809,-0.0796889867591709,0.03570218367000153,0.004682429969314472
4.261210918426514,0.3,0.3,2.0,0.3840375934358532,0.27462732440134113,1.9953111329397895,-0.07815496189534349,0.03298447827825651,0.004454423707200017
4.320145845413208,0.3,0.3,2.0,0.38027836002160914,0.2776779117861199,1.995252221449605,-0.07465887482009652,0.02901871467804413,0.004510389622875343
4.364532947540283,0.3,0.3,2.0,0.3766541719338658,0.27883176860193537,1.986355109428423,-0.07128837989849521,0.027518700817484004,0.012962646042998072
4.409631967544556,0.3,0.3,2.0,0.37445728070618534,0.2808146773601725,1.9859291988617456,-0.06924527105675238,0.024940919431775715,0.013367261081341708
4.4651079177856445,0.3,0.3,2.0,0.36819124244739315,0.2874019274581388,1.9849409496528196,-0.06341785547607565,0.016377494304419538,0.01430609782982134
4.5103678703308105,0.3,0.3,2.0,0.36819124244739315,0.2874019274581388,1.9849409496528196,-0.06341785547607565,0.016377494304419538,0.01430609782982134
4.568809986114502,0.3,0.3,2.0,0.36416817008391317,0.2901000518887798,1.983618145518525,-0.05967639817803926,0.01286993254458625,0.015562761757401143
4.614232063293457,0.3,0.3,2.0,0.3622058926904003,0.2916403635728801,1.9831315355582413,-0.057851480202072314,0.010867527355255868,0.016025041219670775
4.6614298820495605,0.3,0.3,2.0,0.35915906286393356,0.29467087043188434,1.9844963689217923,-0.05501792846345823,0.00692786843855035,0.014728449524297348
4.721076011657715,0.3,0.3,2.0,0.35528234874672865,0.2968342684420903,1.9820867975682253,-0.05141258433445765,0.004115451025282569,0.017017542310186005
4.767582893371582,0.3,0.3,2.0,0.35341897379514337,0.2974172742344662,1.9829928929762235,-0.04967964562948334,0.003357543495193954,0.016156751672587677
4.812254905700684,0.3,0.3,2.0,0.35219288079170125,0.299100810955898,1.9861961715965892,-0.048539379136282174,0.001168945757332557,0.013113636983240229
4.86874794960022,0.3,0.3,2.0,0.349892281828878,0.30092057170777986,1.9921012120246213,-0.046399822100856546,-0.0011967432201138329,0.00750384857660975
4.915308952331543,0.3,0.3,2.0,0.3455351482459516,0.3006474633952217,1.9844412420285942,-0.04234768786873501,-0.0008417024137882146,0.014780820072835531
4.961615085601807,0.3,0.3,2.0,0.3445820918185046,0.3015860611574195,1.9882019980433836,-0.04146134539120927,-0.002061879504645342,0.011208101858785579
5.0214221477508545,0.3,0.3,2.0,0.34127734153858774,0.3014628308578359,1.9863164842871337,-0.03838792763088661,-0.0019016801151866493,0.012999339927222985
5.068997859954834,0.3,0.3,2.0,0.3406084984579835,0.3018667025933384,1.9902237079314333,-0.037765903565924686,-0.0024267133713399614,0.009287477465138338
5.113850831985474,0.3,0.3,2.0,0.3391148159382211,0.30129939878490614,1.9942638181343886,-0.03637677882254566,-0.0016892184203779915,0.005449372772330851
5.160001993179321,0.3,0.3,2.0,0.3380297452850496,0.30057599598703816,1.9928651059749238,-0.03536766311509613,-0.00074879478314962,0.006778149323822358
5.21799898147583,0.3,0.3,2.0,0.336388581827938,0.29920237641510006,1.9929869065067187,-0.033841381099982366,0.0010369106603699107,0.006662438818617211
5.263540029525757,0.3,0.3,2.0,0.33521016886859906,0.29776670253349774,1.9900494829563145,-0.03274545704779713,0.0029032867064529232,0.009452991191501269
5.309842824935913,0.3,0.3,2.0,0.334583021196324,0.29689711453852247,1.991537966099225,-0.032162209712581324,0.0040337510999207795,0.008038932205736293
5.367543935775757,0.3,0.3,2.0,0.33455608732827274,0.296069579430827,1.9960433765430052,-0.03213716121529366,0.00510954673992487,0.003758792284145029
5.413635969161987,0.3,0.3,2.0,0.3344086047941912,0.29406718719718256,1.9957598321757763,-0.03200000245859784,0.007712656643662663,0.004028159433012468
5.4708240032196045,0.3,0.3,2.0,0.33591061259978694,0.2933790655459286,2.0036236450951947,-0.03339686971780187,0.008607214790292838,-0.003442462840435012
5.513132095336914,0.3,0.3,2.0,0.33561048399163174,0.29253068776594426,2.0021916629008443,-0.03311775011221753,0.009710105904272444,-0.0020820797558020574
5.559160947799683,0.3,0.3,2.0,0.33683048418351763,0.29235586252375545,2.0063030326711084,-0.03425235029067141,0.0099373787191179,-0.005987881037553011
5.617242813110352,0.3,0.3,2.0,0.33748274667977585,0.29042479607170285,2.001184164040794,-0.03485895441219155,0.012447765106786279,-0.0011249558387544268
5.6641459465026855,0.3,0.3,2.0,0.33796940649683926,0.29013170661616317,2.0004116567241,-0.03531154804206053,0.012828781398987871,-0.0003910738878951436
5.720095872879028,0.3,0.3,2.0,0.3403301003111534,0.2900756138881716,2.0060053391852968,-0.03750699328937268,0.012901701945376903,-0.005705072226031937
5.764132022857666,0.3,0.3,2.0,0.3412000718505058,0.29068204139457,2.0068446878604274,-0.03831606682097043,0.012113346187058999,-0.006502453467405988
5.81136679649353,0.3,0.3,2.0,0.3420731402131184,0.29021154345687616,2.0062101775519072,-0.03912802039820013,0.012724993506060973,-0.0058996686743118636
5.869899034500122,0.3,0.3,2.0,0.34502730328092845,0.2895643340334292,2.004435297082677,-0.04187539205126348,0.013566365756542048,-0.004213532228543237
5.914333820343018,0.3,0.3,2.0,0.3490483926804075,0.29035899182354324,2.00634772459828,-0.04561500519277898,0.012533310629393769,-0.006030338368365928
5.9615349769592285,0.3,0.3,2.0,0.3506558915676382,0.29034989626597146,2.002347188827163,-0.04710997915790355,0.012545134854237083,-0.00222982938580496
6.020982980728149,0.3,0.3,2.0,0.35660842761681877,0.29263499208972915,2.007888195228411,-0.05264583768364147,0.00957451028335209,-0.007493785466990554
6.069091081619263,0.3,0.3,2.0,0.3588518694504362,0.29304241997583186,2.0062111159544407,-0.054732238588905656,0.00904485403141857,-0.005900560156718648
6.114240884780884,0.3,0.3,2.0,0.3640743181594041,0.2943885721499402,2.0089916949524946,-0.059589115888245836,0.007294856205077744,-0.008542110204869901
6.162255048751831,0.3,0.3,2.0,0.36622589356989477,0.29482660840072983,2.0080840574543197,-0.061590081020002144,0.006725409079051209,-0.00767985458160374
6.213752031326294,0.3,0.3,2.0,0.37231754974171233,0.2973810950404874,2.0127969462250586,-0.06725532125979247,0.0034045764473663977,-0.01215709891380563
6.260386943817139,0.3,0.3,2.0,0.3737753587069128,0.2977553988360698,2.00845454384647,-0.06861108359742893,0.0029179815131092804,-0.00803181665414654
6.317514896392822,0.3,0.3,2.0,0.3776664892750063,0.30042025799539995,2.010710143627446,-0.07222983502575586,-0.0005463353940199534,-0.010174636446073637
6.3623738288879395,0.3,0.3,2.0,0.3794804689673241,0.30149805002916497,2.0123066734269206,-0.07391683613961145,-0.00194746503791447,-0.01169133975557457
6.417946100234985,0.3,0.3,2.0,0.3823902967597649,0.30316031572408425,2.0136416470978937,-0.07662297598658135,-0.00410841044130954,-0.01295956474299904
6.464476823806763,0.3,0.3,2.0,0.3851457418821677,0.3042029342938718,2.017585144612268,-0.07918553995041598,-0.0054638145820333495,-0.016705887381654506
6.511345863342285,0.3,0.3,2.0,0.3851457418821677,0.3042029342938718,2.017585144612268,-0.07918553995041598,-0.0054638145820333495,-0.016705887381654506
6.568562984466553,0.3,0.3,2.0,0.3880033233279698,0.3045233982030723,2.0214890173124425,-0.0818430906950119,-0.005880417663993981,-0.020414566446820336
6.6147730350494385,0.3,0.3,2.0,0.38879382865039697,0.30348973784293,2.0197545673140747,-0.0825782606448692,-0.004536659195808995,-0.01876683894837092
6.661781072616577,0.3,0.3,2.0,0.3917856970379768,0.30156471406907426,2.0225065582915382,-0.08536069824531842,-0.0020341282897965497,-0.021381230376961335
6.720955848693848,0.3,0.3,2.0,0.39479765120230326,0.3006005904919345,2.0244130544880745,-0.08816181561814204,-0.0007807676395148567,-0.023192401763670788
6.766294002532959,0.3,0.3,2.0,0.39679056783860667,0.30021798119299986,2.0277539421754796,-0.09001522808990421,-0.0002833755508998337,-0.02636624506670557
6.812909126281738,0.3,0.3,2.0,0.39965869294787215,0.30009711323030774,2.0300179925585047,-0.09268258444152111,-0.00012624719940008134,-0.028517092930579444
6.860193967819214,0.3,0.3,2.0,0.40121597252043995,0.29983740091696,2.0308844552001517,-0.09413085444400916,0.00021137880795200626,-0.02934023244014412
6.919382095336914,0.3,0.3,2.0,0.40473324467476135,0.300121200160485,2.035851692780912,-0.09740191754752807,-0.0001575602086305028,-0.03405910814186623
6.962409019470215,0.3,0.3,2.0,0.40537710713897995,0.2995735757607464,2.035888002757871,-0.09800070963925137,0.000554351511029677,-0.034093602619977625
7.0191969871521,0.3,0.3,2.0,0.4057042594693144,0.29973463809347495,2.03736529894039,-0.09830496130646238,0.0003449704784825536,-0.035497033993370584
7.064697027206421,0.3,0.3,2.0,0.4067328263265087,0.2996808108905648,2.0400214691186727,-0.0992615284836531,0.00041494584226573486,-0.03802039566273902
7.110697984695435,0.3,0.3,2.0,0.40624453547741096,0.2985933368583508,2.035912093768806,-0.09880741799399222,0.0018286620841439173,-0.03411648908036591
7.166687965393066,0.3,0.3,2.0,0.406356663821133,0.29727213904513006,2.0364923084383784,-0.09891169735365371,0.003546219241330911,-0.034667693016459444
7.212317943572998,0.3,0.3,2.0,0.4064734863403999,0.29307254204561584,2.0382126093730752,-0.09902034229657194,0.009005695340699399,-0.03630197890442148
7.270157098770142,0.3,0.3,2.0,0.4069502990821351,0.2917968100673068,2.041551085319958,-0.09946377814638566,0.01066414691250116,-0.03947353105395999
7.3165669441223145,0.3,0.3,2.0,0.40694752571647047,0.28817714336242384,2.043091026166351,-0.09946119891631755,0.015369713628848997,-0.04093647485803331
7.3626391887664795,0.3,0.3,2.0,0.40699169763118836,0.28668796799452184,2.0460095136573795,-0.0995022787970052,0.017305641607121593,-0.04370903797451051
7.419057846069336,0.3,0.3,2.0,0.406637837589124,0.2826592666213258,2.0444747214474974,-0.09917318895788531,0.022542953392276462,-0.04225098537512255
7.464452743530273,0.3,0.3,2.0,0.40784875598773784,0.2787613173811939,2.0504499199101542,-0.10029934306859621,0.027610287404447893,-0.04792742391464652
7.5112059116363525,0.3,0.3,2.0,0.40784875598773784,0.2787613173811939,2.0504499199101542,-0.10029934306859621,0.027610287404447893,-0.04792742391464652
7.570803880691528,0.3,0.3,2.0,0.4077334327052515,0.275558999315514,2.049908834153033,-0.1001920924158839,0.03177330088983182,-0.047413392445381494
7.616034984588623,0.3,0.3,2.0,0.40579566930366057,0.274172293083745,2.0425484180986446,-0.09838997245240434,0.03357601899113146,-0.040420997193712394
7.661914110183716,0.3,0.3,2.0,0.4070787842015407,0.2711840828262994,2.049517246007729,-0.09958326930743287,0.03746069232581075,-0.04704138370734265
7.72135591506958,0.3,0.3,2.0,0.40633406694063445,0.26699942808604754,2.049648831443323,-0.09889068225479006,0.04290074348813818,-0.047166389871156844
7.767606019973755,0.3,0.3,2.0,0.40730258459033575,0.26515453627831137,2.0562938347384225,-0.09979140366901226,0.04529910283819521,-0.0534791430015014
7.812684059143066,0.3,0.3,2.0,0.40564704092110315,0.26035968188352515,2.0549704108015465,-0.09825174805662595,0.05153241355141729,-0.052221890261469193
7.8727500438690186,0.3,0.3,2.0,0.4041435189051329,0.25822165236117783,2.0519958318750127,-0.09685347258177361,0.0543118519304688,-0.04939604028126203
7.917414903640747,0.3,0.3,2.0,0.40228828782320525,0.25459145876227374,2.055071816375649,-0.0951281076755809,0.05903110360904413,-0.052318225556866715
7.963073968887329,0.3,0.3,2.0,0.40101306188647534,0.2522370009411725,2.055698862180179,-0.09394214755442208,0.06209189877647572,-0.052913919071169886
8.019608974456787,0.3,0.3,2.0,0.397119485921012,0.24811968054584482,2.053296760921732,-0.09032112190654117,0.06744441529040172,-0.05063192287564526
8.067739963531494,0.3,0.3,2.0,0.3964841930762489,0.2468731812702261,2.0591571058111784,-0.08973029956091147,0.06906486434870607,-0.05619925052061947
8.115215063095093,0.3,0.3,2.0,0.39341275192600833,0.24481746614653452,2.0552800926056043,-0.08687385929118777,0.07173729400950511,-0.052516087975324074
8.161640882492065,0.3,0.3,2.0,0.3901276935286483,0.24241451592370025,2.0619422667117098,-0.08381875498164293,0.07486112929918966,-0.05884515337612428
8.216362953186035,0.3,0.3,2.0,0.38512615910156367,0.23944094553071715,2.0605756287005637,-0.07916732796445422,0.0787267708100677,-0.05754684726553547
8.262821912765503,0.3,0.3,2.0,0.38305246676532245,0.23886414904175748,2.0638348539073283,-0.0772387940917499,0.07947660624571526,-0.06064311121196193
8.310307025909424,0.3,0.3,2.0,0.38093094836387403,0.23803240632765027,2.065672649502936,-0.07526578197840286,0.08055787177405464,-0.06238901702778925
8.36791181564331,0.3,0.3,2.0,0.37597445009597397,0.2364863762956278,2.0680861833186963,-0.07065623858925581,0.08256771081568386,-0.0646818741527615
8.413429021835327,0.3,0.3,2.0,0.3708035618214979,0.23667745248751118,2.0704274105326737,-0.06584731249399303,0.08231931176623546,-0.06690604000603996
8.460240840911865,0.3,0.3,2.0,0.36581251359351724,0.23618253576331094,2.074407034687421,-0.061205637641971046,0.08296270350769576,-0.07068668295304978
8.51518702507019,0.3,0.3,2.0,0.36581251359351724,0.23618253576331094,2.074407034687421,-0.061205637641971046,0.08296270350769576,-0.07068668295304978
8.560168027877808,0.3,0.3,2.0,0.3605874592166505,0.23596353693473054,2.074797771182852,-0.05634633707148495,0.08324740198485028,-0.07105788262370942
8.615885019302368,0.3,0.3,2.0,0.3566642158738731,0.23520630675312654,2.0809022392305514,-0.05269772076270199,0.08423180122093549,-0.07685712726902383
8.662993907928467,0.3,0.3,2.0,0.35423834011084426,0.23435089024286693,2.081820258698866,-0.050441656303085176,0.08534384268427299,-0.0777292457639226
8.710728883743286,0.3,0.3,2.0,0.35184985726588797,0.23343138823475443,2.0814940312831696,-0.04822036725727582,0.08653919529481924,-0.07741932971901108
8.770775079727173,0.3,0.3,2.0,0.34782591823838044,0.23141902627606123,2.083737769216432,-0.04447810396169382,0.08915526584112039,-0.07955088075561045
8.815075159072876,0.3,0.3,2.0,0.3443722723371016,0.23072859352056155,2.091245365265704,-0.04126621327350451,0.09005282842326998,-0.08668309700241894
8.858642816543579,0.3,0.3,2.0,0.3434097512217961,0.23010271199818197,2.0970064787933347,-0.04037106863627041,0.09086647440236342,-0.09215615485366795
8.917918920516968,0.3,0.3,2.0,0.3389577657178836,0.2282021494885565,2.089964851208725,-0.036230722117631765,0.09333720566487655,-0.08546660864828874
8.964964151382446,0.3,0.3,2.0,0.33678315029024725,0.22765974416170204,2.08900994365859,-0.03420832976992995,0.09404233258978734,-0.08455944647566034
9.011695146560669,0.3,0.3,2.0,0.33528254612220953,0.22774564905475742,2.0920945179540107,-0.03281276789365488,0.09393065622881534,-0.08748979205631015
9.070576906204224,0.3,0.3,2.0,0.3320343459503227,0.22712729616782168,2.09300845005353,-0.02979194173380014,0.0947345149818318,-0.08835802755085369
9.115725040435791,0.3,0.3,2.0,0.3298872269493435,0.22783160348605053,2.09715184395087,-0.02779512106288949,0.0938189154681343,-0.09229425175332634
9.162643909454346,0.3,0.3,2.0,0.3280015723634898,0.22773104417352466,2.093704492129392,-0.026041462298045537,0.09394964257441793,-0.08901926752292252
9.209679126739502,0.3,0.3,2.0,0.32669080387394783,0.22721746453873334,2.092825916493546,-0.024822447602771497,0.09461729609964664,-0.08818462066886858
9.268907070159912,0.3,0.3,2.0,0.3250968386706852,0.2287911755292149,2.0951765780240468,-0.023340059963737222,0.0925714718120206,-0.09041774912284443
9.313945055007935,0.3,0.3,2.0,0.324504626057242,0.23137609915116392,2.0992601402897737,-0.022789302233235078,0.0892110711034869,-0.09429713327528501
9.371596097946167,0.3,0.3,2.0,0.3239975036787108,0.23288546587811162,2.0979189413129213,-0.022317678421201033,0.08724889435845487,-0.09302299424727527
9.417412757873535,0.3,0.3,2.0,0.3231737535420472,0.23492521206300376,2.093921028811045,-0.0215515907941039,0.08459722431809509,-0.08922497737049277
9.463428020477295,0.3,0.3,2.0,0.3248436110079552,0.24020536043260177,2.1029311182058845,-0.02310455823739837,0.07773303143761769,-0.0977845622955903
9.519261837005615,0.3,0.3,2.0,0.3236682550079648,0.24143479741081725,2.0956889974047264,-0.022011477157407287,0.07613476336593757,-0.09090454753449004
9.564399003982544,0.3,0.3,2.0,0.3245942290399935,0.2441811030200936,2.098923448486062,-0.022872633007193985,0.0725645660738783,-0.09397727606175904
9.618929862976074,0.3,0.3,2.0,0.3244236327391424,0.24814302523485157,2.0926976828411212,-0.02271397844740242,0.06741406719469295,-0.08806279869906516
9.667055130004883,0.3,0.3,2.0,0.3244409976151506,0.24971719500806427,2.0886259147776274,-0.022730127782090076,0.06536764648951643,-0.084194619038746
9.714498043060303,0.3,0.3,2.0,0.32554244799784743,0.25291292472354787,2.090816864173585,-0.02375447663799812,0.06121319785938775,-0.08627602096490568
9.771260976791382,0.3,0.3,2.0,0.3269522850187293,0.25726716863548077,2.084513257712152,-0.025065625067418267,0.055552680773874985,-0.08028759482654431
9.81711483001709,0.3,0.3,2.0,0.32856189461985474,0.26019075007418996,2.0868375396098933,-0.026562561996464923,0.05175202490355304,-0.0824956626293986
9.872631072998047,0.3,0.3,2.0,0.330334124876851,0.26590861931929455,2.0856861178436406,-0.02821073613547143,0.04431879488491707,-0.08140181195145853
9.919951915740967,0.3,0.3,2.0,0.3316979241887228,0.2708978391613477,2.080360632295823,-0.029479069495512208,0.03783280909024799,-0.07634260068103187
9.965849161148071,0.3,0.3,2.0,0.33238186765516925,0.2728699204097262,2.076288150484293,-0.030115136919307416,0.03526910346735595,-0.07247374296007829
10.013584852218628,0.3,0.3,2.0,0.33415913393885144,0.27486665739922317,2.078098284748027,-0.03176799456313185,0.03267334538100987,-0.0741933705106258
10.06001591682434,0.3,0.3,2.0,0.3374451144209984,0.2799424537801487,2.0783916272055007,-0.034823956411528516,0.02607481008580667,-0.07447204584522571
10.113177061080933,0.3,0.3,2.0,0.33906906507248,0.28316710404129075,2.069782282555225,-0.03633423051740643,0.02188276474632201,-0.06629316842746376
10.158658981323242,0.3,0.3,2.0,0.3410251855848576,0.2848586134106872,2.0696323106389842,-0.038153422593917595,0.01968380256610664,-0.06615069510703502
10.218585014343262,0.3,0.3,2.0,0.34516270051092096,0.28841606472803627,2.0686565194797724,-0.042001311475156504,0.015059115853552836,-0.06522369350578373
10.260709047317505,0.3,0.3,2.0,0.346227143671795,0.28978563429080945,2.061847102888628,-0.04299124361476939,0.013278675421947706,-0.058754747744196645
10.31750202178955,0.3,0.3,2.0,0.35005056239131815,0.2931689029710336,2.0584801100555286,-0.046547023023925896,0.008880426137656312,-0.055556104552752124
10.36459994316101,0.3,0.3,2.0,0.3516451052292019,0.2952796667675424,2.055643909217864,-0.04802994786315777,0.006136433202194847,-0.052861713756970796
10.409759044647217,0.3,0.3,2.0,0.35354953551511126,0.29618162563680533,2.052815343082766,-0.04980106802905348,0.004963886672153051,-0.05017457592862773
10.464639902114868,0.3,0.3,2.0,0.3583990408050539,0.29851709626968037,2.0431635383400812,-0.05431110794870015,0.0019277748494155034,-0.04100536142307718
10.518877983093262,0.3,0.3,2.0,0.3600038136694182,0.29911134695474745,2.040870764315693,-0.05580354671255893,0.0011552489588283032,-0.038827226099908276
10.567310094833374,0.3,0.3,2.0,0.3617874067966223,0.2994783353347006,2.0391511986658486,-0.057462288320858756,0.0006781640648892252,-0.03719363873255616
10.61368179321289,0.3,0.3,2.0,0.36477671293490804,0.29985165182357265,2.035209183229499,-0.06024234302946449,0.00019285262935553882,-0.03344872406802422
10.67245888710022,0.3,0.3,2.0,0.3668837164116834,0.30081948897944155,2.0373890184984447,-0.062201856262865556,-0.0010653356732740315,-0.03551956757352243
10.717222929000854,0.3,0.3,2.0,0.3683805433776266,0.29945288692971406,2.0290690941832517,-0.06359390534119275,0.0007112469913717112,-0.02761563947408907
10.764570951461792,0.3,0.3,2.0,0.369379577801898,0.2990508935993335,2.0270989902694847,-0.06452300735576516,0.0012338383208664206,-0.025744040756010465
10.81069278717041,0.3,0.3,2.0,0.369551335496354,0.2983464666794435,2.0218126012826056,-0.06468274201160923,0.002149593316723464,-0.020721971218475365
10.866899013519287,0.3,0.3,2.0,0.37206170044767856,0.29838609944800654,2.0234215358932497,-0.06701738141634107,0.002098070717591488,-0.022250459098587205
10.913686037063599,0.3,0.3,2.0,0.37198813853303625,0.2968197405143477,2.0168296535732173,-0.06694896883572372,0.004134337331348009,-0.015988170894556442
10.9601469039917,0.3,0.3,2.0,0.37456222568063563,0.2968017997603703,2.020528443576369,-0.06934286988299115,0.004157660311518596,-0.019502021397550615
11.019011974334717,0.3,0.3,2.0,0.3753201075102197,0.2952983161031021,2.0149186033013593,-0.07004769998450434,0.006112189065967272,-0.014172673136291336
11.066301822662354,0.3,0.3,2.0,0.37626301352791364,0.29533771319634966,2.0156445174959416,-0.0709246025809597,0.006060972844745427,-0.014862291621144563
11.110872983932495,0.3,0.3,2.0,0.37763667654359495,0.2956804245769895,2.019158601478581,-0.07220210918554332,0.005615448049913624,-0.018200671404652112
11.166277885437012,0.3,0.3,2.0,0.37814117497164346,0.293330595017278,2.0137688584676696,-0.07267129272362843,0.008670226477538607,-0.013080415544286138
11.212617874145508,0.3,0.3,2.0,0.3800386390887846,0.2923041583117535,2.0160296022735964,-0.07443593435256969,0.010004594194720445,-0.015228122159916578
11.259633779525757,0.3,0.3,2.0,0.380029568075271,0.29101104019633883,2.0117115207525234,-0.07442749831000205,0.011685647744759503,-0.011125944714897184
11.317620038986206,0.3,0.3,2.0,0.3811416994452423,0.28873102380536453,2.011026326322066,-0.07546178048407534,0.0146496690530261,-0.010475010005962715
11.364365100860596,0.3,0.3,2.0,0.38159506826259926,0.28772139325165164,2.01036416442417,-0.07588341348421733,0.01596218877285286,-0.009845956202961382
11.41195011138916,0.3,0.3,2.0,0.38200134056205143,0.2862692636466368,2.00933664798398,-0.07626124672270784,0.017849957259372152,-0.008869815584781037
11.470711946487427,0.3,0.3,2.0,0.3834269269779679,0.2825869598996169,2.0095703458773757,-0.07758704208951014,0.022636952130498007,-0.009091828583506921
11.51740288734436,0.3,0.3,2.0,0.3834269269779679,0.2825869598996169,2.0095703458773757,-0.07758704208951014,0.022636952130498007,-0.009091828583506921
11.562846899032593,0.3,0.3,2.0,0.3838369126884657,0.2788561133730903,2.009995607566715,-0.07796832880027312,0.0274870526149826,-0.00949582718837938
11.608802080154419,0.3,0.3,2.0,0.3841149106722405,0.27698784181779645,2.0108336502886144,-0.0782268669251837,0.029915805636864596,-0.010291967774183662
11.666399955749512,0.3,0.3,2.0,0.3832972368827393,0.2726902867766373,2.008850671726558,-0.07746643030094758,0.03550262719037148,-0.00840813814023027
11.711999893188477,0.3,0.3,2.0,0.3822716401123494,0.2683799668582574,2.007731545964875,-0.07651262530448494,0.041106043084265395,-0.007344968666631057
11.771692991256714,0.3,0.3,2.0,0.38128314030635835,0.266040314498474,2.005749870979827,-0.07559332048491328,0.04414759115198381,-0.005462377430835796
11.818330764770508,0.3,0.3,2.0,0.3796400306062094,0.2619892436240658,2.005935535004777,-0.07406522846377474,0.04941398328871447,-0.0056387582545381005
11.863802909851074,0.3,0.3,2.0,0.3782831806938621,0.2600669661080293,2.0043675022451546,-0.07280335804529174,0.05191294405956187,-0.0041491271328968566
11.922428846359253,0.3,0.3,2.0,0.3761391600006096,0.25593627657613327,2.0048655266899074,-0.07080941880056695,0.05728284045102674,-0.004622250355411994
11.970371961593628,0.3,0.3,2.0,0.3755160101383426,0.25425708068135044,2.00711436440484,-0.07022988942865865,0.05946579511424441,-0.006758646184598138
12.014431953430176,0.3,0.3,2.0,0.37283276178330454,0.2502638491419849,2.0071441849860534,-0.06773446845847324,0.06465699611541961,-0.006786975736750733
12.061439990997314,0.3,0.3,2.0,0.37228851600323043,0.2481804127290441,2.0113481898370593,-0.06722831988300432,0.06736546345224267,-0.010780780345206353
12.116943120956421,0.3,0.3,2.0,0.36845636063213316,0.24513434364712214,2.005454140116054,-0.06366441538788385,0.0713253532587412,-0.005181433110251454
12.163351058959961,0.3,0.3,2.0,0.3669593168803643,0.24312159575692152,2.0047764402135266,-0.06227216469873883,0.07394192551600201,-0.004537618202850302
12.21897006034851,0.3,0.3,2.0,0.3643908938778513,0.23971040517364958,2.006422932920118,-0.059883531306401706,0.07837647327425554,-0.006101786274112286
12.264769077301025,0.3,0.3,2.0,0.3629336341798042,0.23849296141847096,2.008143479137724,-0.0585282797872179,0.07995915015598774,-0.007736305180837965
12.321192026138306,0.3,0.3,2.0,0.35937200878805314,0.23454413678118696,2.0067418113617435,-0.055215968172889436,0.08509262218445694,-0.006404720793656282
12.368129014968872,0.3,0.3,2.0,0.3577417371478487,0.23307158619969523,2.0067275274395735,-0.05369981554749929,0.08700693794039618,-0.006391151067594824
12.413745880126953,0.3,0.3,2.0,0.3559201425255079,0.23113625649224862,2.0060046809359435,-0.05200573254872237,0.08952286656007678,-0.005704446889146352
12.470598936080933,0.3,0.3,2.0,0.3509254637416195,0.22672106088520438,2.0055308139491625,-0.04736068127970613,0.09526262084923429,-0.005254273251704422
12.51471996307373,0.3,0.3,2.0,0.34910102762749573,0.22502210101738546,2.00373480394961,-0.04566395569357104,0.0974712686773989,-0.0035480637521296153
12.572404861450195,0.3,0.3,2.0,0.3486468708908265,0.22398883464110947,2.008958708380209,-0.045241589928468676,0.09881451496655767,-0.00851077296119851
12.618607759475708,0.3,0.3,2.0,0.3459347195303749,0.22080546032441797,2.010604959435952,-0.04271928916324868,0.10295290157825662,-0.010074711464154262
12.664987802505493,0.3,0.3,2.0,0.3437629675863975,0.21949357021098784,2.0077396245595045,-0.040699559855349704,0.1046583587257158,-0.0073526433315292735
12.710258960723877,0.3,0.3,2.0,0.34236293795335154,0.2181778292104322,2.0071372374168073,-0.039397532296616945,0.10636882202643815,-0.00678037554596691
12.771199941635132,0.3,0.3,2.0,0.3394287381321064,0.21474033553067468,2.004688384457193,-0.03666872646285895,0.11083756381012291,-0.004453965234333346
12.818044900894165,0.3,0.3,2.0,0.33703751305773505,0.21124521291028928,2.0042771660351275,-0.034444887143693606,0.11538122321662393,-0.004063307733371135
12.863449096679688,0.3,0.3,2.0,0.33674500231816634,0.21072467742597978,2.0100264466258153,-0.03417285215589471,0.11605791934622628,-0.009525124294524545
12.909589052200317,0.3,0.3,2.0,0.33615415911087776,0.20984547594320724,2.0121655245637102,-0.033623367973116325,0.11720088127383058,-0.011557248335524717
12.965903043746948,0.3,0.3,2.0,0.3335221550326121,0.20693226245104565,2.0097337581454884,-0.031175604180329285,0.12098805881364064,-0.00924707023821396
13.012348890304565,0.3,0.3,2.0,0.3312547464890666,0.20550017136976195,2.0066723178168484,-0.02906691423483196,0.12284977721930945,-0.006338701926005985
13.070549011230469,0.3,0.3,2.0,0.3301906352230207,0.2046374135835916,2.0062108659336846,-0.028077290757409286,0.1239713623413309,-0.005900322637000355
13.116638898849487,0.3,0.3,2.0,0.32914744791205236,0.20314649883675576,2.0111691003329453,-0.027107126558208707,0.1259095515122175,-0.010610645316298005
13.162660121917725,0.3,0.3,2.0,0.328604625675578,0.20298140660368308,2.0124833250698386,-0.026602301878287573,0.12612417141521198,-0.011859158816346693
13.2100191116333,0.3,0.3,2.0,0.3273259491911473,0.20238653531084483,2.0086654284129444,-0.025413132747767023,0.12689750409590173,-0.008232156992297157
13.26568603515625,0.3,0.3,2.0,0.3257340551812805,0.2019881719016458,2.0067873663783473,-0.02393267131859089,0.12741537652786045,-0.006447998059429949
13.321913003921509,0.3,0.3,2.0,0.32470977610042545,0.2021672138964843,2.0099997194283095,-0.022980091773395682,0.12718262193457042,-0.009499733456893988
13.368347883224487,0.3,0.3,2.0,0.32496841169937024,0.20253428839626347,2.0150632826311834,-0.023220622880414335,0.12670542508485746,-0.014310118499624224
13.413227081298828,0.3,0.3,2.0,0.32407463585862156,0.20274823550306736,2.015110641078092,-0.022389411348518063,0.12642729384601242,-0.014355109024187306
13.470139980316162,0.3,0.3,2.0,0.32274038794952215,0.20290360155176132,2.0114273607225295,-0.021148560793055608,0.12622531798271028,-0.010855992686403004
13.515771865844727,0.3,0.3,2.0,0.32274038794952215,0.20290360155176132,2.0114273607225295,-0.021148560793055608,0.12622531798271028,-0.010855992686403004
13.570918798446655,0.3,0.3,2.0,0.3226826059711261,0.20318593882195332,2.013483627539717,-0.021094823553147266,0.12585827953146067,-0.012809446162731141
13.616586923599243,0.3,0.3,2.0,0.32247409141901456,0.20425988001950068,2.0113340823919685,-0.020900905019683554,0.1244621559746491,-0.010767378272370108
13.663099765777588,0.3,0.3,2.0,0.3229122826487816,0.20525817262760576,2.0117218338233336,-0.02130842286336688,0.1231643755841125,-0.011135742132166903
13.71897292137146,0.3,0.3,2.0,0.3238620184955986,0.20611057071541086,2.0106813614529804,-0.0221916772009067,0.12205625806996587,-0.010147293380331357
13.763377904891968,0.3,0.3,2.0,0.3247211800915671,0.20646361262943594,2.0112473273577125,-0.0229906974851574,0.12159730358173326,-0.010684960989826875
13.809445142745972,0.3,0.3,2.0,0.32532326107450443,0.20674163937375312,2.0106424925942483,-0.023550632799289133,0.12123586881412093,-0.010110367964535905
13.867354154586792,0.3,0.3,2.0,0.32729750410505865,0.20889055112161425,2.0119225117581547,-0.025386678817704553,0.11844228354190146,-0.011326386170246993
13.912155866622925,0.3,0.3,2.0,0.3278578014877879,0.20931432224853408,2.0099377902970756,-0.025907755383642782,0.11789138107690568,-0.00944090078222186
13.970287084579468,0.3,0.3,2.0,0.32951410626641814,0.21087762361466583,2.006181071936354,-0.02744811882776888,0.1158590893009344,-0.005872018339536277
14.014484882354736,0.3,0.3,2.0,0.3317775373031657,0.21258198680898405,2.004703016460942,-0.02955310969194414,0.11364341714832073,-0.004467865637894963
14.071115016937256,0.3,0.3,2.0,0.3333181872806825,0.21383947895403121,2.00567957561612,-0.030985914171034756,0.1120086773597594,-0.005395596835313876
14.114141941070557,0.3,0.3,2.0,0.33566422033074306,0.21557680195005985,2.004003787526214,-0.033167724907591054,0.10975015746492219,-0.0038035981499032977
14.161671876907349,0.3,0.3,2.0,0.33705485038019656,0.21656470369121059,2.00365405964284,-0.03446101085358281,0.10846588520142622,-0.0034713566606980437
14.220459938049316,0.3,0.3,2.0,0.3397390680977714,0.21838085248464065,2.0024462702860126,-0.0369573333309274,0.10610489176996715,-0.002323956771711999
14.26608681678772,0.3,0.3,2.0,0.34015367415947634,0.2185992506072178,1.9963152412643306,-0.03734291696831301,0.10582097421061686,0.003500520798885953
14.3124680519104,0.3,0.3,2.0,0.34300141361023784,0.22116668856597935,1.99641912583836,-0.039991314657521204,0.10248330486422684,0.0034018304535580967
14.3593909740448,0.3,0.3,2.0,0.34372675670207126,0.2221384699296975,1.9937810672878642,-0.04066588373292628,0.10121998909139325,0.0059079860765290145
14.417957067489624,0.3,0.3,2.0,0.34695018672298966,0.22538510151039343,1.9978922094432945,-0.0436636736523804,0.09699936803648854,0.0020024010288702374
14.46450686454773,0.3,0.3,2.0,0.34779072444070525,0.2266659465866718,1.9888054233661805,-0.044445373729855894,0.09533426943732665,0.010634847802128533
14.510933876037598,0.3,0.3,2.0,0.34779072444070525,0.2266659465866718,1.9888054233661805,-0.044445373729855894,0.09533426943732665,0.010634847802128533
14.567324876785278,0.3,0.3,2.0,0.3502712923322936,0.22936289162782217,1.9894774645057363,-0.04675230186903306,0.09182824088383117,0.009996408719550553
14.613065958023071,0.3,0.3,2.0,0.3519695142330117,0.23148867797149142,1.9881925864545575,-0.0483316482367009,0.08906471863706114,0.011217042868170334
14.67197299003601,0.3,0.3,2.0,0.35278046751539655,0.23234280437009153,1.9865275087511158,-0.0490858347893188,0.087954354318881,0.012798866686439958
14.716665029525757,0.3,0.3,2.0,0.35548837387884075,0.23503238146551056,1.9912765541830317,-0.051604187707321905,0.08445790409483626,0.008287273526119854
14.76368498802185,0.3,0.3,2.0,0.35619024142187933,0.23656200907203292,1.9912279176804182,-0.052256924522347786,0.08246938820635719,0.008333478203602728
14.819443941116333,0.3,0.3,2.0,0.3570184960439685,0.2381790408391775,1.986862927525667,-0.053027201320890734,0.08036724690906923,0.012480218850616287
14.864454984664917,0.3,0.3,2.0,0.35734945613433894,0.23896283787971936,1.983310997254996,-0.053334994204935225,0.07934831075636481,0.015854552607753758
14.911478042602539,0.3,0.3,2.0,0.3583463348559196,0.24059747256957545,1.983538180777139,-0.05426209141600524,0.0772232856595519,0.01563872826171789
14.971152782440186,0.3,0.3,2.0,0.3593449032034663,0.24232809489334312,1.980091791057635,-0.055190759979223666,0.07497347663865393,0.01891279849524675
