mission_time,step_index,velocity_cmd,step_time_remaining,height_sonar,height_baro,velocity_z,ax,ay,az,battery
0.0010199546813964844,0,0.0,2.9999969005584717,0.8,-131.07,0.0,0.03,-0.18,-10.19,67
0.06111788749694824,0,0.0,2.93989896774292,0.81,-131.07,0.0,0.04,-0.11,-10.02,67
0.11020493507385254,0,0.0,2.8908119201660156,0.81,-131.0,0.0,-0.05,-0.03,-10.0,67
0.15921473503112793,0,0.0,2.8418021202087402,0.81,-131.0,0.0,-0.05,-0.03,-10.0,67
0.20605182647705078,0,0.0,2.7949650287628174,0.81,-131.01,0.0,-0.11,0.02,-9.82,67
0.2547738552093506,0,0.0,2.7462430000305176,0.81,-131.01,0.0,-0.11,0.02,-9.82,67
0.3026459217071533,0,0.0,2.698370933532715,0.81,-131.04,0.0,0.01,-0.09,-9.98,67
0.3527491092681885,0,0.0,2.6482677459716797,0.81,-131.04,0.0,0.01,-0.09,-9.98,67
0.40108489990234375,0,0.0,2.5999319553375244,0.81,-131.04,0.0,0.0,0.09,-10.04,67
0.45086002349853516,0,0.0,2.550156831741333,0.81,-131.04,0.0,0.0,0.09,-10.04,67
0.5102229118347168,0,0.0,2.4907939434051514,0.81,-130.98,0.0,-0.01,0.05,-9.92,67
0.557548999786377,0,0.0,2.443467855453491,0.81,-130.98,0.0,-0.01,0.05,-9.92,67
0.6078479290008545,0,0.0,2.3931689262390137,0.81,-130.99,0.0,0.0,0.0,-10.02,67
0.6561028957366943,0,0.0,2.344913959503174,0.81,-130.99,0.0,0.0,0.0,-10.02,67
0.7044868469238281,0,0.0,2.29653000831604,0.82,-131.04,0.0,-0.46,0.19,-10.02,67
0.7519538402557373,0,0.0,2.249063014984131,0.82,-131.04,0.0,-0.46,0.19,-10.02,67
0.801037073135376,0,0.0,2.199979782104492,0.81,-130.99,0.0,0.04,-0.16,-9.53,67
0.8608088493347168,0,0.0,2.1402080059051514,0.81,-130.99,0.0,0.04,-0.16,-9.53,67
0.9081809520721436,0,0.0,2.0928359031677246,0.82,-130.97,0.0,-0.08,-0.1,-9.82,67
0.9550299644470215,0,0.0,2.0459868907928467,0.82,-130.97,0.0,-0.08,-0.1,-9.82,67
1.0045838356018066,0,0.0,1.9964330196380615,0.82,-130.97,0.0,-0.08,-0.1,-9.82,67
1.0507667064666748,0,0.0,1.9502501487731934,0.81,-131.04,0.0,-0.14,0.02,-10.0,67
1.1007938385009766,0,0.0,1.9002230167388916,0.81,-131.06,0.0,-0.46,0.12,-9.89,67
1.1598069667816162,0,0.0,1.841209888458252,0.81,-131.06,0.0,-0.46,0.12,-9.89,67
1.2080028057098389,0,0.0,1.7930140495300293,0.81,-131.02,0.0,0.05,-0.08,-9.99,67
1.2564599514007568,0,0.0,1.7445569038391113,0.81,-131.02,0.0,0.05,-0.08,-9.99,67
1.3058948516845703,0,0.0,1.6951220035552979,0.81,-130.94,0.0,-0.19,0.15,-10.17,67
1.3527288436889648,0,0.0,1.6482880115509033,0.81,-130.94,0.0,-0.19,0.15,-10.17,67
1.402047872543335,0,0.0,1.5989689826965332,0.81,-131.04,0.0,0.09,-0.21,-10.11,67
1.4514110088348389,0,0.0,1.5496058464050293,0.81,-131.04,0.0,0.09,-0.21,-10.11,67
1.507847785949707,0,0.0,1.4931690692901611,0.81,-130.98,0.0,0.02,-0.1,-10.03,67
1.5570018291473389,0,0.0,1.4440150260925293,0.81,-130.98,0.0,0.02,-0.1,-10.03,67
1.605802059173584,0,0.0,1.3952147960662842,0.81,-131.04,0.0,-0.28,0.03,-9.95,67
1.6527297496795654,0,0.0,1.3482871055603027,0.81,-131.04,0.0,-0.28,0.03,-9.95,67
1.7124919891357422,0,0.0,1.288524866104126,0.81,-131.0,0.0,-0.19,-0.1,-9.87,67
1.7589879035949707,0,0.0,1.2420289516448975,0.81,-131.0,0.0,-0.19,-0.1,-9.87,67
1.8077878952026367,0,0.0,1.1932289600372314,0.81,-131.0,0.0,0.0,-0.1,-9.96,67
1.8559679985046387,0,0.0,1.1450488567352295,0.81,-131.0,0.0,0.0,-0.1,-9.96,67
1.9056997299194336,0,0.0,1.0953171253204346,0.81,-131.0,0.0,0.0,-0.1,-9.96,67
1.9585800170898438,0,0.0,1.0424368381500244,0.82,-131.03,0.0,0.09,-0.01,-10.09,67
2.0088987350463867,0,0.0,0.9921181201934814,0.82,-131.03,0.0,0.09,-0.01,-10.09,67
2.0560028553009033,0,0.0,0.9450139999389648,0.82,-131.03,0.0,-0.23,-0.06,-9.98,67
2.1063458919525146,0,0.0,0.8946709632873535,0.82,-131.03,0.0,-0.23,-0.06,-9.98,67
2.1576759815216064,0,0.0,0.8433408737182617,0.82,-131.04,0.0,-0.14,-0.09,-10.02,67
2.2071309089660645,0,0.0,0.7938859462738037,0.82,-131.04,0.0,-0.14,-0.09,-10.02,67
2.2592339515686035,0,0.0,0.7417829036712646,0.82,-131.0,0.0,-0.32,0.13,-10.05,67
2.309724807739258,0,0.0,0.6912920475006104,0.82,-131.0,0.0,-0.32,0.13,-10.05,67
2.3593788146972656,0,0.0,0.6416380405426025,0.82,-130.99,0.0,-0.17,-0.02,-9.95,67
2.4062740802764893,0,0.0,0.5947427749633789,0.82,-130.99,0.0,-0.17,-0.02,-9.95,67
2.4528839588165283,0,0.0,0.5481328964233398,0.83,-130.96,0.0,-0.12,0.04,-10.2,67
2.5012989044189453,0,0.0,0.49971795082092285,0.83,-130.96,0.0,-0.12,0.04,-10.2,67
2.5517640113830566,0,0.0,0.4492528438568115,0.83,-130.92,0.0,-0.06,0.0,-9.84,67
2.601369857788086,0,0.0,0.3996469974517822,0.83,-130.92,0.0,-0.06,0.0,-9.84,67
2.659925937652588,0,0.0,0.3410909175872803,0.83,-130.9,0.0,-0.36,0.1,-10.03,67
2.710186004638672,0,0.0,0.2908308506011963,0.83,-130.9,0.0,-0.36,0.1,-10.03,67
2.7610690593719482,0,0.0,0.23994779586791992,0.84,-130.91,0.0,0.05,0.11,-10.22,67
2.8091230392456055,0,0.0,0.1918938159942627,0.83,-130.92,0.0,0.21,-0.2,-9.73,67
2.857300043106079,0,0.0,0.14371681213378906,0.83,-130.92,0.0,0.21,-0.2,-9.73,67
2.9036378860473633,0,0.0,0.09737896919250488,0.83,-130.93,0.0,-0.03,-0.05,-9.9,67
2.954115867614746,0,0.0,0.04690098762512207,0.83,-130.93,0.0,-0.03,-0.05,-9.9,67
3.004495859146118,1,0.2,3.499997854232788,0.83,-130.9,0.0,-0.41,0.18,-9.97,67
3.0527617931365967,1,0.2,3.4517319202423096,0.83,-130.9,0.0,-0.41,0.18,-9.97,67
3.109173059463501,1,0.2,3.3953206539154053,0.83,-130.9,0.0,-0.41,0.18,-9.97,67
3.156721830368042,1,0.2,3.3477718830108643,0.83,-130.9,0.0,-0.03,0.02,-10.01,67
3.2062647342681885,1,0.2,3.2982289791107178,0.83,-130.93,0.0,-0.06,0.07,-10.14,67
3.2557740211486816,1,0.2,3.2487196922302246,0.83,-130.93,0.0,-0.06,0.07,-10.14,67
3.301793098449707,1,0.2,3.202700614929199,0.83,-130.95,0.0,-0.15,-0.05,-10.3,67
3.3518168926239014,1,0.2,3.152676820755005,0.83,-130.95,0.0,-0.15,-0.05,-10.3,67
3.4020049571990967,1,0.2,3.1024887561798096,0.83,-130.9,0.0,-0.12,-0.04,-10.21,67
3.4507358074188232,1,0.2,3.053757905960083,0.83,-130.9,0.0,-0.12,-0.04,-10.21,67
3.5084218978881836,1,0.2,2.9960718154907227,0.83,-130.95,0.0,0.32,-0.25,-10.15,67
3.554778814315796,1,0.2,2.9497148990631104,0.83,-130.95,0.0,0.32,-0.25,-10.15,67
3.6055078506469727,1,0.2,2.8989858627319336,0.84,-131.0,0.0,-0.3,0.1,-10.02,67
3.656169891357422,1,0.2,2.8483238220214844,0.84,-131.0,0.0,-0.3,0.1,-10.02,67
3.702286720275879,1,0.2,2.8022069931030273,0.84,-130.92,0.0,-0.17,0.04,-10.16,67
3.75286602973938,1,0.2,2.7516276836395264,0.84,-130.92,0.0,-0.17,0.04,-10.16,67
3.8027467727661133,1,0.2,2.701746940612793,0.85,-130.86,0.0,-0.1,0.01,-9.9,67
3.8518319129943848,1,0.2,2.6526618003845215,0.85,-130.86,0.0,-0.1,0.01,-9.9,67
3.911078929901123,1,0.2,2.593414783477783,0.86,-130.92,0.0,0.15,-0.09,-9.89,67
3.958893060684204,1,0.2,2.545600652694702,0.86,-130.92,0.0,0.15,-0.09,-9.89,67
4.009439945220947,1,0.2,2.495053768157959,0.87,-130.79,0.0,-0.26,-0.01,-9.87,67
4.057930946350098,1,0.2,2.4465627670288086,0.87,-130.79,0.0,-0.26,-0.01,-9.87,67
4.1054017543792725,1,0.2,2.399091958999634,0.88,-130.79,0.0,0.02,-0.01,-10.01,67
4.155849933624268,1,0.2,2.3486437797546387,0.88,-130.79,0.0,0.02,-0.01,-10.01,67
4.204010963439941,1,0.2,2.300482749938965,0.89,-130.86,0.0,-0.15,-0.01,-10.05,67
4.255587816238403,1,0.2,2.248905897140503,0.89,-130.86,0.0,-0.15,-0.01,-10.05,67
4.305645704269409,1,0.2,2.198848009109497,0.9,-130.85,0.0,-0.01,-0.2,-9.98,67
4.35482382774353,1,0.2,2.149669885635376,0.9,-130.85,0.0,-0.01,-0.2,-9.98,67
4.406014919281006,1,0.2,2.0984787940979004,0.9,-130.85,0.0,-0.01,-0.2,-9.98,67
4.456268072128296,1,0.2,2.0482256412506104,0.91,-130.82,0.0,0.0,0.06,-10.23,67
4.502960920333862,1,0.2,2.001532793045044,0.91,-130.82,0.0,0.0,0.06,-10.23,67
4.55255389213562,1,0.2,1.9519398212432861,0.92,-130.9,0.0,-0.09,-0.02,-9.91,67
4.60384202003479,1,0.2,1.9006516933441162,0.92,-130.9,0.0,-0.09,-0.02,-9.91,67
4.654860019683838,1,0.2,1.8496336936950684,0.93,-130.78,0.0,-0.01,-0.02,-9.84,67
4.701171875,1,0.2,1.8033218383789062,0.93,-130.78,0.0,-0.01,-0.02,-9.84,67
4.7620298862457275,1,0.2,1.7424638271331787,0.94,-130.77,0.0,-0.04,-0.09,-10.1,67
4.811094045639038,1,0.2,1.6933996677398682,0.94,-130.77,0.0,-0.04,-0.09,-10.1,67
4.860489845275879,1,0.2,1.6440038681030273,0.95,-130.8,0.0,-0.44,0.16,-10.01,67
4.910424709320068,1,0.2,1.594069004058838,0.95,-130.8,0.0,-0.44,0.16,-10.01,67
4.959725856781006,1,0.2,1.5447678565979004,0.96,-130.74,0.0,0.15,-0.07,-9.92,67
5.009670972824097,1,0.2,1.4948227405548096,0.96,-130.74,0.0,0.15,-0.07,-9.92,67
5.060572862625122,1,0.2,1.4439208507537842,0.98,-130.75,0.0,0.1,-0.09,-10.08,67
5.110499143600464,1,0.2,1.3939945697784424,0.98,-130.75,0.0,0.1,-0.09,-10.08,67
5.157657861709595,1,0.2,1.3468358516693115,0.99,-130.71,0.0,-0.02,-0.06,-9.77,67
5.2063868045806885,1,0.2,1.2981069087982178,0.99,-130.71,0.0,-0.02,-0.06,-9.77,67
5.257903814315796,1,0.2,1.2465898990631104,1.0,-130.69,0.0,-0.21,0.13,-10.04,67
5.30755090713501,1,0.2,1.1969428062438965,1.0,-130.69,0.0,-0.21,0.13,-10.04,67
5.354851722717285,1,0.2,1.149641990661621,1.01,-130.71,-0.01,0.13,-0.22,-10.03,67
5.404220819473267,1,0.2,1.1002728939056396,1.01,-130.71,-0.01,0.13,-0.22,-10.03,67
5.4551169872283936,1,0.2,1.0493767261505127,1.02,-130.72,-0.01,0.03,-0.03,-9.75,67
5.502769947052002,1,0.2,1.0017237663269043,1.02,-130.72,-0.01,0.03,-0.03,-9.75,67
5.550195932388306,1,0.2,0.9542977809906006,1.03,-130.74,-0.01,-0.12,0.02,-9.69,67
5.612026929855347,1,0.2,0.8924667835235596,1.03,-130.74,-0.01,-0.12,0.02,-9.69,67
5.649996042251587,1,0.2,0.8544976711273193,1.05,-130.7,0.0,-0.47,0.11,-10.03,67
5.712954759597778,1,0.2,0.7915389537811279,1.05,-130.7,0.0,-0.47,0.11,-10.03,67
5.750654935836792,1,0.2,0.7538387775421143,1.05,-130.67,0.0,-0.35,0.17,-10.22,67
5.8008787631988525,1,0.2,0.7036149501800537,1.05,-130.67,0.0,-0.35,0.17,-10.22,67
5.851463794708252,1,0.2,0.6530299186706543,1.06,-130.64,0.0,-0.17,-0.03,-9.77,67
5.90045690536499,1,0.2,0.604036808013916,1.06,-130.64,0.0,-0.17,-0.03,-9.77,67
5.950052738189697,1,0.2,0.554440975189209,1.07,-130.6,0.0,0.0,-0.14,-10.14,67
6.007662773132324,1,0.2,0.49683094024658203,1.07,-130.6,0.0,0.0,-0.14,-10.14,67
6.058835983276367,1,0.2,0.44565773010253906,1.08,-130.58,0.0,-0.17,0.05,-9.98,67
6.111256122589111,1,0.2,0.3932375907897949,1.08,-130.58,0.0,-0.17,0.05,-9.98,67
6.160664796829224,1,0.2,0.3438289165496826,1.09,-130.59,0.0,-0.03,0.03,-10.02,67
6.206294059753418,1,0.2,0.2981996536254883,1.09,-130.59,0.0,-0.03,0.03,-10.02,67
6.256089925765991,1,0.2,0.24840378761291504,1.09,-130.59,0.0,-0.03,0.03,-10.02,67
6.307078838348389,1,0.2,0.19741487503051758,1.11,-130.61,0.0,-0.36,0.23,-10.04,67
6.3592987060546875,1,0.2,0.14519500732421875,1.11,-130.61,0.0,-0.36,0.23,-10.04,67
6.410676002502441,1,0.2,0.09381771087646484,1.12,-130.57,0.0,0.19,-0.14,-9.88,67
6.4574480056762695,1,0.2,0.04704570770263672,1.12,-130.57,0.0,0.19,-0.14,-9.88,67
6.507514953613281,2,0.0,2.9999918937683105,1.14,-130.55,0.0,0.0,-0.03,-10.0,67
6.557013034820557,2,0.0,2.950493812561035,1.14,-130.55,0.0,0.0,-0.03,-10.0,67
6.605051755905151,2,0.0,2.9024550914764404,1.15,-130.61,0.0,0.26,-0.13,-9.69,67
6.653922080993652,2,0.0,2.8535847663879395,1.15,-130.61,0.0,0.26,-0.13,-9.69,67
6.703695774078369,2,0.0,2.8038110733032227,1.15,-130.61,0.0,-0.11,0.07,-9.71,67
6.755276918411255,2,0.0,2.752229928970337,1.15,-130.61,0.0,-0.11,0.07,-9.71,67
6.805579900741577,2,0.0,2.7019269466400146,1.16,-130.53,0.0,0.2,-0.06,-9.97,67
6.853710889816284,2,0.0,2.6537959575653076,1.16,-130.53,0.0,0.2,-0.06,-9.97,67
6.902540922164917,2,0.0,2.604965925216675,1.16,-130.53,0.0,0.2,-0.06,-9.97,67
6.951864004135132,2,0.0,2.55564284324646,1.16,-130.49,0.0,0.0,-0.01,-9.73,67
7.002665996551514,2,0.0,2.504840850830078,1.16,-130.49,0.0,0.0,-0.01,-9.73,67
7.051817893981934,2,0.0,2.455688953399658,1.17,-130.54,0.0,-0.15,0.02,-10.01,67
7.101923704147339,2,0.0,2.405583143234253,1.17,-130.54,0.0,-0.15,0.02,-10.01,67
7.151870012283325,2,0.0,2.3556368350982666,1.16,-130.54,0.0,0.06,-0.07,-10.08,67
7.202004909515381,2,0.0,2.305501937866211,1.16,-130.54,0.0,0.06,-0.07,-10.08,67
7.25042200088501,2,0.0,2.257084846496582,1.16,-130.46,0.0,-0.2,0.0,-9.55,67
7.311267852783203,2,0.0,2.1962389945983887,1.16,-130.46,0.0,-0.2,0.0,-9.55,67
7.360200881958008,2,0.0,2.147305965423584,1.17,-130.45,0.0,-0.34,0.23,-9.99,67
7.410738945007324,2,0.0,2.0967679023742676,1.17,-130.45,0.0,-0.34,0.23,-9.99,67
7.46048903465271,2,0.0,2.047017812728882,1.17,-130.48,0.0,-0.09,0.02,-9.97,67
7.509099006652832,2,0.0,1.9984078407287598,1.17,-130.48,0.0,-0.09,0.02,-9.97,67
7.556634902954102,2,0.0,1.9508719444274902,1.17,-130.51,0.0,-0.11,0.05,-10.02,67
7.607132911682129,2,0.0,1.900373935699463,1.17,-130.51,0.0,-0.11,0.05,-10.02,67
7.654650926589966,2,0.0,1.852855920791626,1.17,-130.37,0.0,0.0,-0.06,-10.03,67
7.701952934265137,2,0.0,1.805553913116455,1.17,-130.37,0.0,0.0,-0.06,-10.03,67
7.753988742828369,2,0.0,1.7535181045532227,1.17,-130.44,0.0,-0.43,0.29,-9.96,67
7.805397033691406,2,0.0,1.7021098136901855,1.17,-130.44,0.0,-0.43,0.29,-9.96,67
7.851726770401001,2,0.0,1.6557800769805908,1.17,-130.44,0.0,0.05,-0.02,-10.05,67
7.908798933029175,2,0.0,1.598707914352417,1.17,-130.44,0.0,0.05,-0.02,-10.05,67
7.9573681354522705,2,0.0,1.5501387119293213,1.17,-130.43,0.0,-0.02,-0.06,-9.82,67
8.009789943695068,2,0.0,1.4977169036865234,1.17,-130.43,0.0,-0.02,-0.06,-9.82,67
8.059743881225586,2,0.0,1.4477629661560059,1.17,-130.44,0.0,-0.07,-0.05,-9.73,67
8.105320930480957,2,0.0,1.4021859169006348,1.17,-130.44,0.0,-0.07,-0.05,-9.73,67
8.155915021896362,2,0.0,1.3515918254852295,1.17,-130.36,0.0,-0.33,0.18,-10.35,67
8.206041812896729,2,0.0,1.3014650344848633,1.17,-130.36,0.0,-0.33,0.18,-10.35,67
8.255892992019653,2,0.0,1.2516138553619385,1.17,-130.41,0.0,-0.04,0.05,-10.08,67
8.306952953338623,2,0.0,1.2005538940429688,1.17,-130.41,0.0,-0.04,0.05,-10.08,67
8.35744595527649,2,0.0,1.1500608921051025,1.17,-130.41,0.0,-0.04,0.05,-10.08,67
8.408870935440063,2,0.0,1.0986359119415283,1.17,-130.46,0.0,0.09,0.07,-9.99,67
8.459054708480835,2,0.0,1.0484521389007568,1.17,-130.39,0.0,-0.19,-0.2,-10.28,67
8.507855892181396,2,0.0,0.9996509552001953,1.17,-130.39,0.0,-0.19,-0.2,-10.28,67
8.556370973587036,2,0.0,0.9511358737945557,1.16,-130.36,0.0,-0.03,-0.14,-10.06,67
8.605931043624878,2,0.0,0.9015758037567139,1.16,-130.36,0.0,-0.03,-0.14,-10.06,67
8.656270742416382,2,0.0,0.85123610496521,1.17,-130.38,0.0,-0.37,0.04,-10.04,67
8.705285787582397,2,0.0,0.8022210597991943,1.17,-130.38,0.0,-0.37,0.04,-10.04,67
8.761605739593506,2,0.0,0.7459011077880859,1.16,-130.37,0.0,-0.01,-0.14,-9.98,67
8.810833930969238,2,0.0,0.6966729164123535,1.16,-130.37,0.0,-0.01,-0.14,-9.98,67
8.85037088394165,2,0.0,0.6571359634399414,1.16,-130.34,0.0,0.11,-0.05,-10.11,67
8.909339904785156,2,0.0,0.5981669425964355,1.16,-130.34,0.0,0.11,-0.05,-10.11,67
8.95996379852295,2,0.0,0.5475430488586426,1.16,-130.37,0.0,-0.07,0.1,-10.28,67
9.009434938430786,2,0.0,0.49807190895080566,1.16,-130.37,0.0,-0.07,0.1,-10.28,67
9.060231924057007,2,0.0,0.44727492332458496,1.16,-130.41,0.0,-0.29,0.04,-10.03,67
9.111447095870972,2,0.0,0.3960597515106201,1.16,-130.41,0.0,-0.29,0.04,-10.03,67
9.160920858383179,2,0.0,0.3465859889984131,1.16,-130.41,0.0,-0.29,0.04,-10.03,67
9.209578037261963,2,0.0,0.2979288101196289,1.16,-130.41,0.0,-0.05,-0.1,-9.84,67
9.2599937915802,2,0.0,0.2475130558013916,1.16,-130.38,0.0,-0.23,-0.12,-10.04,67
9.307867765426636,2,0.0,0.19963908195495605,1.16,-130.38,0.0,-0.23,-0.12,-10.04,67
9.356474876403809,2,0.0,0.1510319709777832,1.16,-130.38,0.0,0.16,-0.2,-10.02,67
9.403309106826782,2,0.0,0.10419774055480957,1.16,-130.38,0.0,0.16,-0.2,-10.02,67
9.454945087432861,2,0.0,0.05256175994873047,1.16,-130.38,0.0,0.16,-0.2,-10.02,67
9.505368709564209,2,0.0,0.0021381378173828125,1.16,-130.41,0.0,-0.29,0.03,-10.02,67
9.555176973342896,3,-0.15,3.963681936264038,1.16,-130.41,0.0,-0.29,0.03,-10.02,67
9.603945970535278,3,-0.15,3.9149129390716553,1.16,-130.34,0.0,-0.26,-0.02,-9.89,67
9.653327941894531,3,-0.15,3.8655309677124023,1.16,-130.34,0.0,-0.26,-0.02,-9.89,67
9.704442739486694,3,-0.15,3.8144161701202393,1.15,-130.38,0.0,-0.42,0.16,-9.94,67
9.752235889434814,3,-0.15,3.766623020172119,1.15,-130.38,0.0,-0.42,0.16,-9.94,67
9.811224699020386,3,-0.15,3.707634210586548,1.15,-130.42,0.0,-0.16,-0.02,-9.99,67
9.860224962234497,3,-0.15,3.6586339473724365,1.15,-130.42,0.0,-0.16,-0.02,-9.99,67
9.906028985977173,3,-0.15,3.6128299236297607,1.15,-130.43,0.0,-0.16,0.01,-9.97,67
9.957276821136475,3,-0.15,3.561582088470459,1.15,-130.43,0.0,-0.16,0.01,-9.97,67
10.006024837493896,3,-0.15,3.512834072113037,1.15,-130.4,0.0,-0.09,0.06,-9.99,67
10.057583808898926,3,-0.15,3.461275100708008,1.15,-130.4,0.0,-0.09,0.06,-9.99,67
10.106618881225586,3,-0.15,3.4122400283813477,1.14,-130.44,0.0,-0.13,0.02,-9.82,67
10.157196998596191,3,-0.15,3.361661911010742,1.14,-130.44,0.0,-0.13,0.02,-9.82,67
10.205981969833374,3,-0.15,3.3128769397735596,1.15,-130.38,0.0,-0.13,-0.12,-9.95,67
10.252688884735107,3,-0.15,3.266170024871826,1.15,-130.38,0.0,-0.13,-0.12,-9.95,67
10.301149845123291,3,-0.15,3.2177090644836426,1.14,-130.4,0.0,-0.2,0.05,-9.95,67
10.352834701538086,3,-0.15,3.1660242080688477,1.14,-130.4,0.0,-0.2,0.05,-9.95,67
10.402451992034912,3,-0.15,3.1164069175720215,1.14,-130.35,0.0,0.16,-0.11,-10.21,67
10.452523946762085,3,-0.15,3.0663349628448486,1.14,-130.35,0.0,0.16,-0.11,-10.21,67
10.501912832260132,3,-0.15,3.0169460773468018,1.13,-130.43,0.0,-0.14,-0.05,-9.82,67
10.56178879737854,3,-0.15,2.9570701122283936,1.13,-130.43,0.0,-0.14,-0.05,-9.82,67
10.611645936965942,3,-0.15,2.907212972640991,1.13,-130.43,0.0,0.0,-0.22,-9.85,67
10.659249782562256,3,-0.15,2.8596091270446777,1.13,-130.43,0.0,0.0,-0.22,-9.85,67
10.708363056182861,3,-0.15,2.8104958534240723,1.12,-130.42,0.0,-0.39,0.09,-10.17,67
10.756624937057495,3,-0.15,2.7622339725494385,1.12,-130.42,0.0,-0.39,0.09,-10.17,67
10.804811954498291,3,-0.15,2.7140469551086426,1.11,-130.42,0.0,-0.09,-0.01,-9.93,67
10.855480670928955,3,-0.15,2.6633782386779785,1.11,-130.42,0.0,-0.09,-0.01,-9.93,67
10.906712770462036,3,-0.15,2.6121461391448975,1.11,-130.45,0.0,-0.54,0.21,-10.01,67
10.95399785041809,3,-0.15,2.5648610591888428,1.11,-130.45,0.0,-0.54,0.21,-10.01,67
11.001978874206543,3,-0.15,2.5168800354003906,1.1,-130.49,0.0,-0.03,-0.01,-9.97,67
11.050346851348877,3,-0.15,2.4685120582580566,1.1,-130.49,0.0,-0.03,-0.01,-9.97,67
11.100802659988403,3,-0.15,2.4180562496185303,1.09,-130.42,0.0,-0.04,0.0,-9.95,67
11.161021947860718,3,-0.15,2.357836961746216,1.09,-130.42,0.0,-0.04,0.0,-9.95,67
11.209276914596558,3,-0.15,2.309581995010376,1.09,-130.42,0.0,-0.04,0.0,-9.95,67
11.257418870925903,3,-0.15,2.2614400386810303,1.09,-130.43,0.0,-0.23,-0.02,-10.03,67
11.308148860931396,3,-0.15,2.210710048675537,1.07,-130.46,0.0,-0.15,0.06,-9.99,67
11.360424995422363,3,-0.15,2.1584339141845703,1.07,-130.46,0.0,-0.15,0.06,-9.99,67
11.408572912216187,3,-0.15,2.110285997390747,1.07,-130.51,0.0,-0.06,-0.21,-10.11,67
11.457422733306885,3,-0.15,2.061436176300049,1.07,-130.51,0.0,-0.06,-0.21,-10.11,67
11.507469892501831,3,-0.15,2.0113890171051025,1.07,-130.51,0.0,-0.06,-0.21,-10.11,67
11.559131860733032,3,-0.15,1.9597270488739014,1.06,-130.41,0.0,-0.02,-0.11,-9.98,67
11.611373662948608,3,-0.15,1.9074852466583252,1.05,-130.47,0.0,-0.26,0.07,-10.08,67
11.661164999008179,3,-0.15,1.8576939105987549,1.05,-130.47,0.0,-0.26,0.07,-10.08,67
11.710618734359741,3,-0.15,1.8082401752471924,1.04,-130.51,0.0,-0.14,-0.01,-9.96,67
11.762460947036743,3,-0.15,1.7563979625701904,1.04,-130.51,0.0,-0.14,-0.01,-9.96,67
11.810224771499634,3,-0.15,1.7086341381072998,1.03,-130.45,0.0,0.14,-0.16,-10.05,67
11.857493877410889,3,-0.15,1.661365032196045,1.03,-130.45,0.0,0.14,-0.16,-10.05,67
11.905841827392578,3,-0.15,1.6130170822143555,1.03,-130.44,0.0,-0.3,0.11,-10.18,67
11.956077098846436,3,-0.15,1.562781810760498,1.03,-130.44,0.0,-0.3,0.11,-10.18,67
12.00818395614624,3,-0.15,1.5106749534606934,1.02,-130.5,0.0,-0.18,0.0,-9.75,67
12.05749773979187,3,-0.15,1.4613611698150635,1.02,-130.5,0.0,-0.18,0.0,-9.75,67
12.106595754623413,3,-0.15,1.4122631549835205,1.02,-130.5,0.0,-0.18,0.0,-9.75,67
12.152842998504639,3,-0.15,1.366015911102295,1.02,-130.55,0.0,-0.02,-0.03,-9.99,67
12.203683853149414,3,-0.15,1.3151750564575195,1.02,-130.55,0.0,-0.02,-0.03,-9.99,67
12.253783941268921,3,-0.15,1.2650749683380127,1.01,-130.55,0.0,-0.32,0.11,-10.18,67
12.300315856933594,3,-0.15,1.2185430526733398,1.01,-130.55,0.0,-0.32,0.11,-10.18,67
12.361161947250366,3,-0.15,1.1576969623565674,1.0,-130.48,0.0,0.04,-0.07,-9.79,67
12.410237789154053,3,-0.15,1.1086211204528809,1.0,-130.48,0.0,0.04,-0.07,-9.79,67
12.45806097984314,3,-0.15,1.060797929763794,1.0,-130.48,0.0,-0.27,0.05,-10.04,67
12.505823850631714,3,-0.15,1.0130350589752197,1.0,-130.48,0.0,-0.27,0.05,-10.04,67
12.554723024368286,3,-0.15,0.9641358852386475,1.0,-130.48,0.0,-0.27,0.05,-10.04,67
12.601765871047974,3,-0.15,0.91709303855896,0.99,-130.57,0.0,0.2,-0.03,-9.9,67
12.652631044387817,3,-0.15,0.8662278652191162,0.98,-130.57,0.0,-0.26,-0.03,-10.17,67
12.70227575302124,3,-0.15,0.8165831565856934,0.98,-130.57,0.0,-0.26,-0.03,-10.17,67
12.762681722640991,3,-0.15,0.7561771869659424,0.97,-130.53,0.0,0.22,-0.18,-9.75,67
12.812364101409912,3,-0.15,0.7064948081970215,0.97,-130.53,0.0,0.22,-0.18,-9.75,67
12.850392818450928,3,-0.15,0.6684660911560059,0.96,-130.6,0.0,-0.19,0.08,-10.13,67
12.911187887191772,3,-0.15,0.6076710224151611,0.96,-130.6,0.0,-0.19,0.08,-10.13,67
12.960179805755615,3,-0.15,0.5586791038513184,0.95,-130.52,0.0,-0.17,-0.02,-9.94,67
13.006093740463257,3,-0.15,0.5127651691436768,0.95,-130.57,0.0,0.02,-0.06,-10.05,67
13.058764934539795,3,-0.15,0.46009397506713867,0.95,-130.57,0.0,0.02,-0.06,-10.05,67
13.110440969467163,3,-0.15,0.4084179401397705,0.94,-130.57,0.0,-0.05,0.06,-9.95,67
13.160372972488403,3,-0.15,0.3584859371185303,0.94,-130.57,0.0,-0.05,0.06,-9.95,67
13.211139678955078,3,-0.15,0.30771923065185547,0.93,-130.62,0.0,0.03,-0.13,-9.94,67
13.262786865234375,3,-0.15,0.2560720443725586,0.93,-130.62,0.0,0.03,-0.13,-9.94,67
13.302231073379517,3,-0.15,0.216627836227417,0.93,-130.63,0.0,0.0,-0.15,-10.04,67
13.360174894332886,3,-0.15,0.15868401527404785,0.93,-130.63,0.0,0.0,-0.15,-10.04,67
13.409185886383057,3,-0.15,0.10967302322387695,0.92,-130.62,0.0,0.02,-0.18,-9.89,67
13.458795070648193,3,-0.15,0.060063838958740234,0.92,-130.62,0.0,0.02,-0.18,-9.89,67
13.510329723358154,3,-0.15,0.008529186248779297,0.91,-130.63,0.0,0.0,-0.13,-10.18,67
13.560083866119385,4,0.0,2.9622280597686768,0.91,-130.63,0.0,0.0,-0.13,-10.18,67
13.607342720031738,4,0.0,2.9149692058563232,0.91,-130.63,0.0,0.0,-0.13,-10.18,67
13.658427953720093,4,0.0,2.8638839721679688,0.91,-130.62,0.0,-0.07,-0.04,-10.0,67
13.708755016326904,4,0.0,2.8135569095611572,0.91,-130.61,0.0,-0.11,-0.04,-10.2,67
13.756983995437622,4,0.0,2.7653279304504395,0.91,-130.61,0.0,-0.11,-0.04,-10.2,67
13.805515050888062,4,0.0,2.716796875,0.91,-130.68,0.0,-0.25,0.03,-10.12,67
13.856592893600464,4,0.0,2.6657190322875977,0.91,-130.68,0.0,-0.25,0.03,-10.12,67
13.906073808670044,4,0.0,2.6162381172180176,0.9,-130.6,0.0,-0.06,-0.02,-10.11,67
13.950860977172852,4,0.0,2.57145094871521,0.9,-130.6,0.0,-0.06,-0.02,-10.11,67
14.010185956954956,4,0.0,2.5121259689331055,0.91,-130.62,0.0,-0.37,0.0,-10.11,67
14.062312841415405,4,0.0,2.4599990844726562,0.91,-130.62,0.0,-0.37,0.0,-10.11,67
14.10077691078186,4,0.0,2.421535015106201,0.91,-130.61,0.0,-0.33,0.01,-10.12,67
14.161233901977539,4,0.0,2.3610780239105225,0.91,-130.61,0.0,-0.33,0.01,-10.12,67
14.209031820297241,4,0.0,2.3132801055908203,0.92,-130.66,0.0,-0.03,0.02,-10.1,67
14.258565902709961,4,0.0,2.2637460231781006,0.92,-130.66,0.0,-0.03,0.02,-10.1,67
14.306086778640747,4,0.0,2.2162251472473145,0.93,-130.61,0.0,0.06,0.09,-9.98,67
14.354819774627686,4,0.0,2.167492151260376,0.93,-130.61,0.0,0.06,0.09,-9.98,67
14.401685953140259,4,0.0,2.1206259727478027,0.93,-130.61,0.0,0.06,0.09,-9.98,67
14.451676845550537,4,0.0,2.0706350803375244,0.93,-130.57,0.0,-0.17,0.08,-10.03,67
14.503844738006592,4,0.0,2.0184671878814697,0.93,-130.57,0.0,-0.17,0.08,-10.03,67
14.555312871932983,4,0.0,1.9669990539550781,0.94,-130.56,0.0,-0.25,0.1,-9.9,67
14.604012966156006,4,0.0,1.9182989597320557,0.94,-130.56,0.0,-0.25,0.1,-9.9,67
14.651250839233398,4,0.0,1.871061086654663,0.94,-130.56,0.0,-0.25,0.1,-9.9,67
14.712754964828491,4,0.0,1.8095569610595703,0.95,-130.56,0.0,-0.12,-0.11,-9.76,67
14.751383066177368,4,0.0,1.7709288597106934,0.95,-130.56,0.0,-0.12,-0.11,-9.76,67
14.802608966827393,4,0.0,1.719702959060669,0.95,-130.56,0.0,-0.12,-0.11,-9.76,67
14.851590871810913,4,0.0,1.6707210540771484,0.95,-130.48,0.0,0.17,-0.17,-9.91,67
14.904140949249268,4,0.0,1.618170976638794,0.95,-130.48,0.0,0.17,-0.17,-9.91,67
14.955345869064331,4,0.0,1.5669660568237305,0.95,-130.53,0.0,-0.37,0.23,-9.9,67
15.005944013595581,4,0.0,1.5163679122924805,0.95,-130.53,0.0,-0.37,0.23,-9.9,67
15.05469799041748,4,0.0,1.467613935470581,0.95,-130.54,0.0,-0.28,0.24,-10.28,67
15.105446815490723,4,0.0,1.4168651103973389,0.95,-130.54,0.0,-0.28,0.24,-10.28,67
15.156091928482056,4,0.0,1.3662199974060059,0.95,-130.58,0.0,0.13,-0.06,-9.91,67
15.206601858139038,4,0.0,1.3157100677490234,0.95,-130.58,0.0,0.13,-0.06,-9.91,67
15.257368803024292,4,0.0,1.2649431228637695,0.95,-130.56,0.0,-0.14,0.01,-10.01,67
15.30684494972229,4,0.0,1.2154669761657715,0.95,-130.56,0.0,-0.14,0.01,-10.01,67
15.355418920516968,4,0.0,1.1668930053710938,0.95,-130.54,0.0,-0.13,0.02,-9.93,67
15.40547776222229,4,0.0,1.1168341636657715,0.95,-130.54,0.0,-0.13,0.02,-9.93,67
15.45048975944519,4,0.0,1.071822166442871,0.94,-130.59,0.0,-0.04,-0.18,-9.84,67
15.507051944732666,4,0.0,1.0152599811553955,0.94,-130.59,0.0,-0.04,-0.18,-9.84,67
15.558896780014038,4,0.0,0.9634151458740234,0.94,-130.6,0.0,0.04,-0.1,-10.12,67
15.607984781265259,4,0.0,0.9143271446228027,0.94,-130.6,0.0,0.04,-0.1,-10.12,67
15.654175043106079,4,0.0,0.8681368827819824,0.93,-130.57,0.0,0.17,-0.21,-10.19,67
15.702871084213257,4,0.0,0.8194408416748047,0.93,-130.57,0.0,0.17,-0.21,-10.19,67
15.752425909042358,4,0.0,0.7698860168457031,0.93,-130.56,0.0,0.08,-0.17,-9.83,67
15.802304983139038,4,0.0,0.7200069427490234,0.93,-130.56,0.0,0.08,-0.17,-9.83,67
15.85088586807251,4,0.0,0.6714260578155518,0.92,-130.56,0.0,0.12,0.05,-10.31,67
15.900372982025146,4,0.0,0.621938943862915,0.92,-130.56,0.0,0.12,0.05,-10.31,67
15.960274934768677,4,0.0,0.5620369911193848,0.92,-130.53,0.0,-0.22,0.07,-10.16,67
16.010822772979736,4,0.0,0.5114891529083252,0.92,-130.53,0.0,-0.22,0.07,-10.16,67
16.06061887741089,4,0.0,0.46169304847717285,0.92,-130.59,0.0,-0.13,-0.04,-10.04,67
16.1090669631958,4,0.0,0.41324496269226074,0.92,-130.59,0.0,-0.13,-0.04,-10.04,67
16.16050672531128,4,0.0,0.3618052005767822,0.91,-130.57,0.0,-0.41,0.12,-9.97,67
16.212166786193848,4,0.0,0.31014513969421387,0.91,-130.57,0.0,-0.41,0.12,-9.97,67
16.261091709136963,4,0.0,0.26122021675109863,0.91,-130.59,0.0,-0.11,0.0,-10.16,67
16.31169891357422,4,0.0,0.21061301231384277,0.91,-130.59,0.0,-0.11,0.0,-10.16,67
16.357006788253784,4,0.0,0.16530513763427734,0.91,-130.67,0.0,0.02,-0.08,-10.09,67
16.406094789505005,4,0.0,0.11621713638305664,0.9,-130.64,0.0,-0.17,0.02,-9.98,67
16.45809292793274,4,0.0,0.06421899795532227,0.9,-130.64,0.0,-0.17,0.02,-9.98,67
16.50255799293518,4,0.0,0.01975393295288086,0.9,-130.64,0.0,-0.17,0.02,-9.98,67
16.55195188522339,5,0.3,2.9748101234436035,0.9,-130.57,0.0,-0.03,-0.16,-9.64,67
16.604429006576538,5,0.3,2.922333002090454,0.9,-130.57,0.0,-0.03,-0.16,-9.64,67
16.655237913131714,5,0.3,2.8715240955352783,0.9,-130.6,0.0,-0.24,0.05,-10.2,67
16.70111584663391,5,0.3,2.825646162033081,0.9,-130.6,0.0,-0.24,0.05,-10.2,67
16.762608766555786,5,0.3,2.764153242111206,0.9,-130.6,0.0,-0.24,0.05,-10.2,67
16.813109874725342,5,0.3,2.7136521339416504,0.89,-130.66,0.0,-0.02,0.0,-10.33,67
16.850191831588745,5,0.3,2.676570177078247,0.89,-130.66,0.0,-0.02,0.0,-10.33,67
16.900630950927734,5,0.3,2.626131057739258,0.89,-130.65,0.0,-0.21,-0.03,-10.85,67
16.95556092262268,5,0.3,2.5712010860443115,0.89,-130.65,0.0,-0.21,-0.03,-10.85,67
17.005686044692993,5,0.3,2.521075963973999,0.9,-130.64,0.0,0.15,-0.28,-10.54,67
17.055552005767822,5,0.3,2.47121000289917,0.9,-130.64,0.0,0.15,-0.28,-10.54,67
17.102691888809204,5,0.3,2.424070119857788,0.91,-130.62,0.0,-0.3,0.05,-10.31,67
17.160632848739624,5,0.3,2.366129159927368,0.92,-130.6,-0.01,-0.11,0.0,-9.99,67
17.210283041000366,5,0.3,2.316478967666626,0.92,-130.6,-0.01,-0.11,0.0,-9.99,67
17.26044273376465,5,0.3,2.2663192749023438,0.92,-130.6,-0.01,-0.11,0.0,-9.99,67
17.304973125457764,5,0.3,2.2217888832092285,0.94,-130.59,-0.01,-0.16,0.0,-10.16,67
17.361137866973877,5,0.3,2.1656241416931152,0.94,-130.59,-0.01,-0.16,0.0,-10.16,67
17.41012668609619,5,0.3,2.116635322570801,0.95,-130.55,-0.01,-0.25,0.09,-10.2,67
17.46027183532715,5,0.3,2.0664901733398438,0.95,-130.55,-0.01,-0.25,0.09,-10.2,67
17.50808596611023,5,0.3,2.0186760425567627,0.97,-130.59,-0.01,-0.2,0.07,-9.92,67
17.559290885925293,5,0.3,1.9674711227416992,0.97,-130.59,-0.01,-0.2,0.07,-9.92,67
17.607354879379272,5,0.3,1.9194071292877197,0.99,-130.51,-0.01,-0.07,-0.09,-10.08,67
17.657893896102905,5,0.3,1.868868112564087,1.01,-130.53,-0.01,-0.24,-0.06,-9.95,67
17.70815682411194,5,0.3,1.8186051845550537,1.01,-130.53,-0.01,-0.24,-0.06,-9.95,67
17.7580509185791,5,0.3,1.7687110900878906,1.03,-130.51,-0.01,-0.05,0.0,-10.12,67
17.80634093284607,5,0.3,1.7204210758209229,1.03,-130.51,-0.01,-0.05,0.0,-10.12,67
17.85633373260498,5,0.3,1.6704282760620117,1.05,-130.5,-0.01,-0.15,-0.04,-9.98,67
17.905659914016724,5,0.3,1.6211020946502686,1.05,-130.5,-0.01,-0.15,-0.04,-9.98,67
17.957410097122192,5,0.3,1.5693519115447998,1.07,-130.49,-0.01,0.07,-0.08,-10.12,67
18.0065279006958,5,0.3,1.5202341079711914,1.07,-130.49,-0.01,0.07,-0.08,-10.12,67
18.056068897247314,5,0.3,1.4706931114196777,1.1,-130.5,-0.01,-0.1,-0.06,-9.92,67
18.10615873336792,5,0.3,1.4206032752990723,1.1,-130.5,-0.01,-0.1,-0.06,-9.92,67
18.15699791908264,5,0.3,1.3697640895843506,1.12,-130.44,-0.01,-0.1,-0.2,-9.99,67
18.20758605003357,5,0.3,1.3191759586334229,1.12,-130.44,-0.01,-0.1,-0.2,-9.99,67
18.25847887992859,5,0.3,1.2682831287384033,1.13,-130.38,-0.01,0.09,-0.12,-10.09,67
18.310483932495117,5,0.3,1.216278076171875,1.13,-130.38,-0.01,0.09,-0.12,-10.09,67
18.36081099510193,5,0.3,1.1659510135650635,1.15,-130.44,-0.01,-0.23,-0.08,-10.0,67
18.411420822143555,5,0.3,1.1153411865234375,1.15,-130.44,-0.01,-0.23,-0.08,-10.0,67
18.46218180656433,5,0.3,1.0645802021026611,1.17,-130.33,-0.01,-0.01,-0.28,-9.99,67
18.512300968170166,5,0.3,1.0144610404968262,1.17,-130.33,-0.01,-0.01,-0.28,-9.99,67
18.56259298324585,5,0.3,0.9641690254211426,1.18,-130.35,-0.01,0.12,-0.2,-10.16,67
18.611804962158203,5,0.3,0.9149570465087891,1.18,-130.35,-0.01,0.12,-0.2,-10.16,67
18.656179904937744,5,0.3,0.870582103729248,1.21,-130.27,-0.01,0.08,-0.2,-9.99,67
18.707669019699097,5,0.3,0.8190929889678955,1.21,-130.27,-0.01,0.08,-0.2,-9.99,67
18.758314847946167,5,0.3,0.7684471607208252,1.23,-130.26,-0.01,0.17,-0.21,-9.95,67
18.807185888290405,5,0.3,0.7195761203765869,1.23,-130.26,-0.01,0.17,-0.21,-9.95,67
18.856673002243042,5,0.3,0.6700890064239502,1.23,-130.26,-0.01,0.17,-0.21,-9.95,67
18.906150817871094,5,0.3,0.6206111907958984,1.24,-130.26,-0.02,0.09,-0.32,-9.75,67
18.956121921539307,5,0.3,0.5706400871276855,1.26,-130.29,-0.01,0.16,-0.29,-10.01,67
19.005762100219727,5,0.3,0.5209999084472656,1.26,-130.29,-0.01,0.16,-0.29,-10.01,67
19.055707931518555,5,0.3,0.4710540771484375,1.28,-130.26,-0.01,0.05,-0.2,-9.65,67
19.10527276992798,5,0.3,0.42148923873901367,1.28,-130.26,-0.01,0.05,-0.2,-9.65,67
19.153696060180664,5,0.3,0.3730659484863281,1.29,-130.22,-0.01,0.04,-0.17,-9.95,67
19.205241918563843,5,0.3,0.3215200901031494,1.29,-130.22,-0.01,0.04,-0.17,-9.95,67
19.253837823867798,5,0.3,0.27292418479919434,1.3,-130.27,-0.01,-0.13,-0.06,-9.95,67
19.304460048675537,5,0.3,0.22230195999145508,1.3,-130.27,-0.01,-0.13,-0.06,-9.95,67
19.35125494003296,5,0.3,0.1755070686340332,1.3,-130.27,-0.01,-0.13,-0.06,-9.95,67
19.403351068496704,5,0.3,0.12341094017028809,1.32,-130.26,-0.01,-0.09,-0.07,-10.08,67
19.453058004379272,5,0.3,0.07370400428771973,1.32,-130.26,-0.01,-0.09,-0.07,-10.08,67
19.511648893356323,5,0.3,0.015113115310668945,1.34,-130.23,-0.01,0.28,-0.19,-9.73,67
19.560408115386963,6,0.0,2.9763448238372803,1.35,-130.29,-0.01,-0.22,0.07,-10.25,67
19.61183190345764,6,0.0,2.9249210357666016,1.35,-130.29,-0.01,-0.22,0.07,-10.25,67
19.661784887313843,6,0.0,2.8749680519104004,1.36,-130.27,-0.01,-0.02,-0.05,-10.09,67
19.71106481552124,6,0.0,2.825688123703003,1.36,-130.27,-0.01,-0.02,-0.05,-10.09,67
19.76117992401123,6,0.0,2.7755730152130127,1.37,-130.28,-0.01,-0.06,0.07,-10.37,67
19.809245824813843,6,0.0,2.7275071144104004,1.37,-130.28,-0.01,-0.06,0.07,-10.37,67
19.85821008682251,6,0.0,2.6785428524017334,1.37,-130.28,-0.01,-0.06,0.07,-10.37,67
19.90517497062683,6,0.0,2.631577968597412,1.37,-130.28,-0.01,-0.06,0.07,-10.37,67
19.956158876419067,6,0.0,2.580594062805176,1.39,-130.25,0.0,-0.22,0.12,-9.81,67
20.008132934570312,6,0.0,2.5286200046539307,1.39,-130.25,0.0,0.04,0.0,-9.66,67
20.057235956192017,6,0.0,2.4795169830322266,1.39,-130.25,0.0,0.04,0.0,-9.66,67
20.1028048992157,6,0.0,2.433948040008545,1.4,-130.23,0.0,-0.05,0.0,-9.73,67
20.162410020828247,6,0.0,2.374342918395996,1.4,-130.23,0.0,-0.05,0.0,-9.73,67
20.20185875892639,6,0.0,2.3348941802978516,1.4,-130.23,0.0,-0.23,-0.07,-9.7,67
20.24999976158142,6,0.0,2.2867531776428223,1.4,-130.23,0.0,-0.23,-0.07,-9.7,67
20.31209087371826,6,0.0,2.2246620655059814,1.4,-130.2,0.0,0.31,-0.3,-9.94,67
20.358561992645264,6,0.0,2.1781909465789795,1.4,-130.2,0.0,0.31,-0.3,-9.94,67
20.408848762512207,6,0.0,2.127904176712036,1.4,-130.26,0.0,-0.28,0.08,-10.22,67
20.45951795578003,6,0.0,2.077234983444214,1.4,-130.26,0.0,-0.28,0.08,-10.22,67
20.507109880447388,6,0.0,2.0296430587768555,1.41,-130.33,0.0,-0.19,-0.04,-9.71,67
20.55662989616394,6,0.0,1.9801230430603027,1.41,-130.33,0.0,-0.19,-0.04,-9.71,67
20.60732078552246,6,0.0,1.9294321537017822,1.42,-130.29,0.0,0.17,-0.24,-9.98,67
20.654499769210815,6,0.0,1.8822531700134277,1.42,-130.29,0.0,0.17,-0.24,-9.98,67
20.703986883163452,6,0.0,1.832766056060791,1.42,-130.23,0.0,0.0,-0.08,-10.1,67
20.752325773239136,6,0.0,1.7844271659851074,1.42,-130.23,0.0,0.0,-0.08,-10.1,67
20.802299976348877,6,0.0,1.7344529628753662,1.42,-130.25,0.0,-0.31,0.02,-10.09,67
20.862519025802612,6,0.0,1.6742339134216309,1.42,-130.25,0.0,-0.31,0.02,-10.09,67
20.91154980659485,6,0.0,1.6252031326293945,1.42,-130.2,0.0,0.3,-0.3,-9.72,67
20.95867395401001,6,0.0,1.5780789852142334,1.42,-130.2,0.0,0.3,-0.3,-9.72,67
21.00614881515503,6,0.0,1.5306041240692139,1.42,-130.21,0.0,-0.05,0.03,-9.94,67
21.057032823562622,6,0.0,1.479720115661621,1.42,-130.17,0.0,0.04,-0.16,-10.06,67
21.106251001358032,6,0.0,1.430501937866211,1.42,-130.17,0.0,0.04,-0.16,-10.06,67
21.15445613861084,6,0.0,1.3822968006134033,1.41,-130.19,0.0,0.14,-0.11,-10.0,67
21.2014799118042,6,0.0,1.335273027420044,1.41,-130.19,0.0,0.14,-0.11,-10.0,67
21.25118589401245,6,0.0,1.285567045211792,1.42,-130.24,0.0,-0.18,0.09,-10.03,67
21.303457975387573,6,0.0,1.23329496383667,1.42,-130.24,0.0,-0.18,0.09,-10.03,67
21.351980924606323,6,0.0,1.18477201461792,1.41,-130.23,0.0,-0.33,0.16,-9.96,67
21.40084981918335,6,0.0,1.1359031200408936,1.41,-130.23,0.0,-0.33,0.16,-9.96,67
21.452473878860474,6,0.0,1.0842790603637695,1.41,-130.27,0.0,-0.22,0.01,-9.78,67
21.504642724990845,6,0.0,1.0321102142333984,1.41,-130.27,0.0,-0.22,0.01,-9.78,67
21.551363706588745,6,0.0,0.985389232635498,1.4,-130.26,0.0,0.3,-0.14,-10.07,67
21.609562873840332,6,0.0,0.9271900653839111,1.4,-130.26,0.0,0.3,-0.14,-10.07,67
21.661489963531494,6,0.0,0.875262975692749,1.4,-130.27,0.0,0.06,-0.04,-10.22,67
21.711694717407227,6,0.0,0.8250582218170166,1.4,-130.27,0.0,0.06,-0.04,-10.22,67
21.754891872406006,6,0.0,0.7818610668182373,1.4,-130.25,0.0,-0.32,0.12,-10.07,67
21.80213689804077,6,0.0,0.7346160411834717,1.4,-130.25,0.0,-0.32,0.12,-10.07,67
21.853561878204346,6,0.0,0.6831910610198975,1.39,-130.26,0.0,-0.13,0.05,-10.26,67
21.912419080734253,6,0.0,0.6243338584899902,1.39,-130.26,0.0,-0.13,0.05,-10.26,67
21.961029767990112,6,0.0,0.5757231712341309,1.39,-130.26,0.0,-0.13,0.05,-10.26,67
22.00569486618042,6,0.0,0.5310580730438232,1.39,-130.26,0.0,-0.13,0.05,-10.26,67
22.05367088317871,6,0.0,0.4830820560455322,1.4,-130.19,0.0,0.06,-0.16,-9.91,67
22.10534977912903,6,0.0,0.43140316009521484,1.39,-130.34,0.0,-0.2,0.12,-9.89,67
22.152771711349487,6,0.0,0.38398122787475586,1.39,-130.34,0.0,-0.2,0.12,-9.89,67
22.21200680732727,6,0.0,0.32474613189697266,1.4,-130.27,0.0,-0.28,0.09,-10.07,67
22.260573863983154,6,0.0,0.27617907524108887,1.4,-130.29,0.0,0.32,-0.3,-9.81,67
22.310771942138672,6,0.0,0.2259809970855713,1.4,-130.29,0.0,0.32,-0.3,-9.81,67
22.356318950653076,6,0.0,0.180433988571167,1.4,-130.29,0.0,0.32,-0.3,-9.81,67
22.406975030899048,6,0.0,0.1297779083251953,1.39,-130.21,0.0,-0.34,0.1,-10.01,67
22.456049919128418,6,0.0,0.0807030200958252,1.39,-130.21,0.0,-0.34,0.1,-10.01,67
22.50499391555786,6,0.0,0.031759023666381836,1.39,-130.29,0.0,-0.13,0.07,-10.02,67
22.555246829986572,7,-0.25,2.989373207092285,1.39,-130.29,0.0,-0.13,0.07,-10.02,67
22.604729890823364,7,-0.25,2.939890146255493,1.38,-130.28,0.0,-0.09,0.11,-9.86,67
22.66138982772827,7,-0.25,2.883230209350586,1.38,-130.28,0.0,-0.09,0.11,-9.86,67
22.710747957229614,7,-0.25,2.833872079849243,1.37,-130.24,0.0,0.25,-0.3,-9.99,67
22.750131845474243,7,-0.25,2.7944881916046143,1.37,-130.24,0.0,0.25,-0.3,-9.99,67
22.81170392036438,7,-0.25,2.7329161167144775,1.37,-130.34,0.0,-0.08,-0.09,-9.69,67
22.860971927642822,7,-0.25,2.683648109436035,1.37,-130.34,0.0,-0.08,-0.09,-9.69,67
22.90016484260559,7,-0.25,2.6444551944732666,1.36,-130.34,0.0,0.03,-0.21,-9.53,67
22.952467918395996,7,-0.25,2.5921521186828613,1.36,-130.34,0.0,0.03,-0.21,-9.53,67
23.00297498703003,7,-0.25,2.541645050048828,1.34,-130.29,0.01,-0.16,0.15,-9.85,67
23.052271842956543,7,-0.25,2.4923481941223145,1.34,-130.29,0.01,-0.16,0.15,-9.85,67
23.103587865829468,7,-0.25,2.4410321712493896,1.33,-130.31,0.01,-0.11,0.08,-9.77,67
23.153817892074585,7,-0.25,2.3908021450042725,1.33,-130.31,0.01,-0.11,0.08,-9.77,67
23.201292037963867,7,-0.25,2.3433279991149902,1.32,-130.32,0.01,-0.36,0.0,-9.84,67
23.261119842529297,7,-0.25,2.2835001945495605,1.32,-130.32,0.01,-0.36,0.0,-9.84,67
23.306571006774902,7,-0.25,2.238049030303955,1.3,-130.4,0.0,-0.04,-0.11,-10.14,67
23.35614800453186,7,-0.25,2.188472032546997,1.3,-130.4,0.0,-0.04,-0.11,-10.14,67
23.403738737106323,7,-0.25,2.140881299972534,1.29,-130.34,0.0,-0.13,-0.01,-9.76,67
23.451488971710205,7,-0.25,2.0931310653686523,1.29,-130.34,0.0,-0.13,-0.01,-9.76,67
23.509232759475708,7,-0.25,2.0353872776031494,1.27,-130.34,0.01,0.13,-0.12,-9.77,67
23.559051990509033,7,-0.25,1.9855680465698242,1.27,-130.34,0.01,0.13,-0.12,-9.77,67
23.608622789382935,7,-0.25,1.9359972476959229,1.25,-130.34,0.01,-0.21,-0.05,-10.14,67
23.656161069869995,7,-0.25,1.8884589672088623,1.25,-130.34,0.01,-0.21,-0.05,-10.14,67
23.70443296432495,7,-0.25,1.8401870727539062,1.24,-130.42,0.01,0.0,-0.15,-10.06,67
23.754190921783447,7,-0.25,1.7904291152954102,1.24,-130.42,0.01,0.0,-0.15,-10.06,67
23.80665874481201,7,-0.25,1.7379612922668457,1.21,-130.4,0.0,0.14,-0.15,-10.1,67
23.85289192199707,7,-0.25,1.691728115081787,1.21,-130.4,0.0,0.14,-0.15,-10.1,67
23.90041184425354,7,-0.25,1.6442081928253174,1.19,-130.47,0.01,-0.39,0.2,-9.98,67
23.961649894714355,7,-0.25,1.582970142364502,1.19,-130.47,0.01,-0.39,0.2,-9.98,67
24.01253390312195,7,-0.25,1.5320861339569092,1.17,-130.43,0.01,0.25,-0.23,-9.69,67
24.061062812805176,7,-0.25,1.4835572242736816,1.17,-130.43,0.01,0.25,-0.23,-9.69,67
24.109372854232788,7,-0.25,1.4352471828460693,1.17,-130.43,0.01,0.25,-0.23,-9.69,67
24.15831184387207,7,-0.25,1.386308193206787,1.15,-130.45,0.01,0.2,-0.24,-9.59,67
24.20769691467285,7,-0.25,1.3369231224060059,1.13,-130.51,0.01,-0.16,0.02,-9.83,67
24.257550716400146,7,-0.25,1.287069320678711,1.13,-130.51,0.01,-0.16,0.02,-9.83,67
24.304767847061157,7,-0.25,1.2398521900177002,1.1,-130.51,0.01,-0.1,0.08,-10.1,67
24.350286722183228,7,-0.25,1.1943333148956299,1.1,-130.51,0.01,-0.1,0.08,-10.1,67
24.400133848190308,7,-0.25,1.1444861888885498,1.1,-130.51,0.01,-0.1,0.08,-10.1,67
24.450267791748047,7,-0.25,1.0943522453308105,1.08,-130.53,0.01,-0.07,-0.04,-10.07,67
24.50862693786621,7,-0.25,1.0359930992126465,1.06,-130.58,0.01,0.13,-0.02,-9.94,67
24.556920766830444,7,-0.25,0.9876992702484131,1.06,-130.58,0.01,0.13,-0.02,-9.94,67
24.60582399368286,7,-0.25,0.9387960433959961,1.04,-130.67,0.01,0.46,-0.34,-9.76,67
24.65475583076477,7,-0.25,0.8898642063140869,1.04,-130.67,0.01,0.46,-0.34,-9.76,67
24.70484495162964,7,-0.25,0.8397750854492188,1.04,-130.67,0.01,0.46,-0.34,-9.76,67
24.75351881980896,7,-0.25,0.7911012172698975,1.0,-130.62,0.01,0.14,-0.21,-10.03,67
24.80329990386963,7,-0.25,0.7413201332092285,1.0,-130.62,0.01,0.14,-0.21,-10.03,67
24.854384899139404,7,-0.25,0.6902351379394531,0.97,-130.63,0.01,0.04,-0.08,-9.94,67
24.902987003326416,7,-0.25,0.6416330337524414,0.97,-130.63,0.01,0.04,-0.08,-9.94,67
24.953327894210815,7,-0.25,0.591292142868042,0.94,-130.64,0.01,-0.11,-0.15,-9.86,67
25.000147819519043,7,-0.25,0.5444722175598145,0.94,-130.64,0.01,-0.11,-0.15,-9.86,67
25.05142593383789,7,-0.25,0.4931941032409668,0.91,-130.71,0.01,-0.3,0.0,-9.83,67
25.100162029266357,7,-0.25,0.4444580078125,0.91,-130.71,0.01,-0.3,0.0,-9.83,67
25.157054901123047,7,-0.25,0.38756513595581055,0.91,-130.71,0.01,-0.3,0.0,-9.83,67
25.203402042388916,7,-0.25,0.3412179946899414,0.89,-130.7,0.01,0.15,-0.3,-10.07,67
25.255341053009033,7,-0.25,0.2892789840698242,0.86,-130.76,0.01,0.39,-0.33,-9.86,67
25.30470299720764,7,-0.25,0.23991703987121582,0.86,-130.76,0.01,0.39,-0.33,-9.86,67
25.353476762771606,7,-0.25,0.19114327430725098,0.84,-130.8,0.01,0.17,-0.21,-10.28,67
25.401229858398438,7,-0.25,0.14339017868041992,0.84,-130.8,0.01,0.17,-0.21,-10.28,67
25.462114095687866,7,-0.25,0.08250594139099121,0.81,-130.76,0.01,-0.19,-0.11,-10.11,67
25.510963916778564,7,-0.25,0.03365612030029297,0.81,-130.76,0.01,-0.19,-0.11,-10.11,67
25.56171488761902,8,0.0,2.987460136413574,0.79,-130.77,0.01,-0.06,-0.09,-10.0,67
25.61284303665161,8,0.0,2.9363319873809814,0.79,-130.77,0.01,-0.06,-0.09,-10.0,67
25.662863731384277,8,0.0,2.8863112926483154,0.77,-130.82,0.01,0.0,-0.08,-10.01,67
25.701656818389893,8,0.0,2.8475182056427,0.77,-130.82,0.01,0.0,-0.08,-10.01,67
25.76142692565918,8,0.0,2.787748098373413,0.74,-130.84,0.01,0.18,-0.21,-10.51,67
25.810329914093018,8,0.0,2.738845109939575,0.74,-130.84,0.01,0.18,-0.21,-10.51,67
25.861228942871094,8,0.0,2.687946081161499,0.73,-130.9,0.01,0.34,-0.26,-10.39,67
25.900376081466675,8,0.0,2.648798942565918,0.73,-130.9,0.01,0.34,-0.26,-10.39,67
25.960548877716064,8,0.0,2.5886261463165283,0.71,-130.91,0.0,-0.04,-0.21,-10.07,67
26.009512901306152,8,0.0,2.5396621227264404,0.71,-130.91,0.0,-0.04,-0.21,-10.07,67
26.05756187438965,8,0.0,2.4916131496429443,0.7,-130.92,0.0,0.11,-0.1,-10.25,67
26.108747005462646,8,0.0,2.4404280185699463,0.7,-130.92,0.0,0.11,-0.1,-10.25,67
26.158394813537598,8,0.0,2.390780210494995,0.7,-130.92,0.0,0.11,-0.1,-10.25,67
26.20557475090027,8,0.0,2.343600273132324,0.7,-130.92,0.0,0.11,-0.1,-10.25,67
26.256253957748413,8,0.0,2.2929210662841797,0.68,-130.95,0.0,0.25,-0.37,-10.13,67
26.30758285522461,8,0.0,2.2415921688079834,0.68,-130.95,0.0,0.25,-0.37,-10.13,67
26.357357025146484,8,0.0,2.1918179988861084,0.67,-130.95,0.0,0.11,-0.2,-10.11,67
26.406478881835938,8,0.0,2.1426961421966553,0.67,-130.95,0.0,0.11,-0.2,-10.11,67
26.457924842834473,8,0.0,2.09125018119812,0.67,-130.96,0.0,0.09,-0.17,-10.07,67
26.50877594947815,8,0.0,2.0403990745544434,0.67,-130.96,0.0,0.09,-0.17,-10.07,67
26.55927610397339,8,0.0,1.989898920059204,0.66,-131.0,0.0,-0.09,-0.1,-10.17,67
26.606064796447754,8,0.0,1.9431102275848389,0.66,-131.0,0.0,-0.09,-0.1,-10.17,67
26.654648065567017,8,0.0,1.8945269584655762,0.66,-130.96,0.0,0.43,-0.4,-10.25,67
26.70640993118286,8,0.0,1.8427650928497314,0.66,-130.96,0.0,0.43,-0.4,-10.25,67
26.757451057434082,8,0.0,1.7917239665985107,0.66,-130.96,0.0,0.43,-0.4,-10.25,67
26.803117752075195,8,0.0,1.7460572719573975,0.67,-130.88,0.0,-0.03,-0.1,-10.13,67
26.86283588409424,8,0.0,1.6863391399383545,0.67,-130.88,0.0,-0.03,-0.1,-10.13,67
26.90158700942993,8,0.0,1.6475880146026611,0.67,-130.88,0.0,-0.03,-0.1,-10.13,67
26.95074987411499,8,0.0,1.5984251499176025,0.67,-130.92,0.0,0.07,-0.17,-10.08,67
27.012109756469727,8,0.0,1.5370652675628662,0.67,-130.94,0.0,0.16,0.0,-10.11,67
27.062263011932373,8,0.0,1.4869120121002197,0.67,-130.94,0.0,0.16,0.0,-10.11,67
27.10123085975647,8,0.0,1.447944164276123,0.67,-130.94,0.0,0.16,0.0,-10.11,67
27.151590824127197,8,0.0,1.3975841999053955,0.68,-130.92,0.0,0.06,-0.13,-10.13,67
27.212308883666992,8,0.0,1.3368661403656006,0.68,-130.92,0.0,0.06,-0.13,-10.13,67
27.258687019348145,8,0.0,1.2904880046844482,0.68,-130.92,0.0,0.06,-0.13,-10.13,67
27.309935808181763,8,0.0,1.23923921585083,0.69,-131.01,0.0,-0.08,0.0,-9.98,67
27.360106945037842,8,0.0,1.189068078994751,0.69,-130.97,0.0,0.36,-0.23,-10.18,67
27.40940284729004,8,0.0,1.1397721767425537,0.69,-130.97,0.0,0.36,-0.23,-10.18,67
27.456547021865845,8,0.0,1.092628002166748,0.7,-130.94,0.0,0.26,0.02,-9.93,67
27.503997802734375,8,0.0,1.0451772212982178,0.7,-130.94,0.0,0.26,0.02,-9.93,67
27.554121017456055,8,0.0,0.9950540065765381,0.71,-130.96,0.0,0.41,-0.32,-9.89,67
27.605530738830566,8,0.0,0.9436442852020264,0.71,-130.96,0.0,0.41,-0.32,-9.89,67
27.6612229347229,8,0.0,0.8879520893096924,0.72,-130.99,0.0,0.08,-0.28,-10.12,67
27.711782932281494,8,0.0,0.8373920917510986,0.72,-130.99,0.0,0.08,-0.28,-10.12,67
27.76165771484375,8,0.0,0.7875173091888428,0.73,-130.93,0.0,0.25,-0.17,-10.06,67
27.810690879821777,8,0.0,0.7384841442108154,0.73,-130.93,0.0,0.25,-0.17,-10.06,67
27.859433889389038,8,0.0,0.6897411346435547,0.73,-130.9,0.0,-0.04,-0.12,-10.13,67
27.909928798675537,8,0.0,0.6392462253570557,0.73,-130.9,0.0,-0.04,-0.12,-10.13,67
27.958861827850342,8,0.0,0.590313196182251,0.75,-130.94,0.0,-0.11,-0.08,-10.25,67
28.00919771194458,8,0.0,0.5399773120880127,0.75,-130.94,0.0,-0.11,-0.08,-10.25,67
28.057957887649536,8,0.0,0.49121713638305664,0.76,-130.9,0.0,-0.14,-0.1,-9.92,67
28.10584282875061,8,0.0,0.4433321952819824,0.76,-130.9,0.0,-0.14,-0.1,-9.92,67
28.15398406982422,8,0.0,0.395190954208374,0.77,-130.87,0.0,0.24,-0.32,-9.77,67
28.20142698287964,8,0.0,0.3477480411529541,0.77,-130.87,0.0,0.24,-0.32,-9.77,67
28.25101900100708,8,0.0,0.2981560230255127,0.77,-130.88,0.0,0.6,-0.51,-10.25,67
28.310134887695312,8,0.0,0.23904013633728027,0.77,-130.88,0.0,0.6,-0.51,-10.25,67
28.357606887817383,8,0.0,0.19156813621520996,0.78,-130.92,0.0,-0.01,0.01,-10.01,67
28.409739017486572,8,0.0,0.1394360065460205,0.78,-130.92,0.0,-0.01,0.01,-10.01,67
28.459069967269897,8,0.0,0.09010505676269531,0.79,-130.91,0.0,-0.02,-0.12,-9.91,67
28.508655786514282,8,0.0,0.04051923751831055,0.79,-130.91,0.0,-0.02,-0.12,-9.91,67
