mission_time,target_altitude,current_altitude,error,velocity_cmd,proportional,integral,derivative
3.0994415283203125e-06,1.5,0.63,0.87,0.872175,0.87,0.0021750000000000003,0
0.059287071228027344,1.5,0.63,0.87,0.87435,0.87,0.004350000000000001,0.0
0.1075289249420166,1.5,0.63,0.87,0.876525,0.87,0.006525,0.0
0.15703988075256348,1.5,0.63,0.87,0.8787,0.87,0.008700000000000001,0.0
0.20407986640930176,1.5,0.64,0.86,0.6708499999999998,0.86,0.010850000000000002,-0.20000000000000018
0.25356006622314453,1.5,0.64,0.86,0.873,0.86,0.013000000000000001,0.0
0.30842018127441406,1.5,0.66,0.84,0.4550999999999996,0.84,0.0151,-0.40000000000000036
0.35443615913391113,1.5,0.66,0.84,0.8572,0.84,0.0172,0.0
0.40401315689086914,1.5,0.66,0.84,0.8593,0.84,0.019299999999999998,0.0
0.4524092674255371,1.5,0.7,0.8,0.02130000000000154,0.8,0.0213,-0.7999999999999985
0.5000572204589844,1.5,0.75,0.75,-0.22682500000000094,0.75,0.023174999999999998,-1.0000000000000009
0.5612149238586426,1.5,0.75,0.75,0.77505,0.75,0.025049999999999996,0.0
0.6119959354400635,1.5,0.75,0.75,0.776925,0.75,0.026924999999999994,0.0
0.6616950035095215,1.5,0.8,0.7,-0.2713250000000009,0.7,0.028674999999999996,-1.0000000000000009
0.7001850605010986,1.5,0.8,0.7,0.730425,0.7,0.030424999999999997,0.0
0.7601840496063232,1.5,0.85,0.65,-0.3179499999999986,0.65,0.032049999999999995,-0.9999999999999987
0.8087260723114014,1.5,0.9,0.6,-0.36645000000000094,0.6,0.033549999999999996,-1.0000000000000009
0.8591041564941406,1.5,0.9,0.6,0.63505,0.6,0.03505,0.0
0.9078719615936279,1.5,0.9,0.6,0.63655,0.6,0.03655,0.0
0.9577140808105469,1.5,0.94,0.56,-0.2020499999999984,0.56,0.037950000000000005,-0.7999999999999985
1.004228115081787,1.5,0.94,0.56,0.59935,0.56,0.03935,0.0
1.0537071228027344,1.5,0.98,0.52,-0.23935000000000073,0.52,0.040650000000000006,-0.8000000000000007
1.1024210453033447,1.5,0.98,0.52,0.5619500000000001,0.52,0.04195000000000001,0.0
1.1527519226074219,1.5,1.01,0.49,-0.06682500000000058,0.49,0.043175000000000005,-0.6000000000000005
1.2012832164764404,1.5,1.01,0.49,0.5344,0.49,0.0444,0.0
1.2610161304473877,1.5,1.05,0.44999999999999996,-0.3044750000000008,0.44999999999999996,0.045525,-0.8000000000000007
1.3101670742034912,1.5,1.05,0.44999999999999996,0.4966499999999999,0.44999999999999996,0.04665,0.0
1.3575050830841064,1.5,1.08,0.41999999999999993,-0.13230000000000058,0.41999999999999993,0.0477,-0.6000000000000005
1.4075751304626465,1.5,1.08,0.41999999999999993,0.46874999999999994,0.41999999999999993,0.04875,0.0
1.4583041667938232,1.5,1.08,0.41999999999999993,0.46979999999999994,0.41999999999999993,0.049800000000000004,0.0
1.5081360340118408,1.5,1.11,0.3899999999999999,-0.15922500000000062,0.3899999999999999,0.05077500000000001,-0.6000000000000005
1.557497262954712,1.5,1.13,0.3700000000000001,0.021700000000004216,0.3700000000000001,0.0517,-0.3999999999999959
1.6067719459533691,1.5,1.13,0.3700000000000001,0.42262500000000014,0.3700000000000001,0.052625000000000005,0.0
1.6554491519927979,1.5,1.15,0.3500000000000001,0.0034999999999997256,0.3500000000000001,0.053500000000000006,-0.40000000000000036
1.702820062637329,1.5,1.15,0.3500000000000001,0.4043750000000001,0.3500000000000001,0.05437500000000001,0.0
1.753312110900879,1.5,1.17,0.33000000000000007,-0.014800000000000257,0.33000000000000007,0.055200000000000006,-0.40000000000000036
1.8034172058105469,1.5,1.17,0.33000000000000007,0.38602500000000006,0.33000000000000007,0.056025000000000005,0.0
1.8530409336090088,1.5,1.18,0.32000000000000006,0.1768249999999999,0.32000000000000006,0.05682500000000001,-0.20000000000000018
1.9013350009918213,1.5,1.18,0.32000000000000006,0.3776250000000001,0.32000000000000006,0.05762500000000001,0.0
1.952132225036621,1.5,1.19,0.31000000000000005,0.16839999999999988,0.31000000000000005,0.05840000000000001,-0.20000000000000018
2.0007619857788086,1.5,1.19,0.31000000000000005,0.3691750000000001,0.31000000000000005,0.05917500000000001,0.0
2.0502431392669678,1.5,1.2,0.30000000000000004,0.15992499999999987,0.30000000000000004,0.059925000000000006,-0.20000000000000018
2.110481023788452,1.5,1.2,0.30000000000000004,0.3606750000000001,0.30000000000000004,0.06067500000000001,0.0
2.160520076751709,1.5,1.22,0.28,-0.058625000000000316,0.28,0.061375000000000006,-0.40000000000000036
2.2085280418395996,1.5,1.22,0.28,0.342075,0.28,0.062075000000000005,0.0
2.2577061653137207,1.5,1.22,0.28,0.34277500000000005,0.28,0.06277500000000001,0.0
2.307548999786377,1.5,1.22,0.28,0.34347500000000003,0.28,0.063475,0.0
2.3536460399627686,1.5,1.23,0.27,0.13414999999999988,0.27,0.06415000000000001,-0.20000000000000018
2.402306079864502,1.5,1.23,0.27,0.33482500000000004,0.27,0.06482500000000001,0.0
2.4526479244232178,1.5,1.25,0.25,-0.08455000000000035,0.25,0.06545000000000001,-0.40000000000000036
2.503190040588379,1.5,1.25,0.25,0.316075,0.25,0.06607500000000001,0.0
2.5529768466949463,1.5,1.27,0.22999999999999998,-0.10335000000000039,0.22999999999999998,0.06665000000000001,-0.40000000000000036
2.6031241416931152,1.5,1.27,0.22999999999999998,0.297225,0.22999999999999998,0.06722500000000002,0.0
2.650660276412964,1.5,1.28,0.21999999999999997,0.08777499999999983,0.21999999999999997,0.06777500000000002,-0.20000000000000018
2.7087769508361816,1.5,1.3,0.19999999999999996,-0.13172500000000037,0.19999999999999996,0.06827500000000002,-0.40000000000000036
2.758867025375366,1.5,1.3,0.19999999999999996,0.268775,0.19999999999999996,0.06877500000000002,0.0
2.8077378273010254,1.5,1.31,0.18999999999999995,0.0592499999999998,0.18999999999999995,0.06925000000000002,-0.20000000000000018
2.8567209243774414,1.5,1.31,0.18999999999999995,0.259725,0.18999999999999995,0.06972500000000002,0.0
2.9047539234161377,1.5,1.32,0.17999999999999994,0.05017499999999975,0.17999999999999994,0.07017500000000002,-0.20000000000000018
2.955098867416382,1.5,1.32,0.17999999999999994,0.25062499999999993,0.17999999999999994,0.07062500000000001,0.0
3.0051169395446777,1.5,1.33,0.16999999999999993,0.04104999999999975,0.16999999999999993,0.07105,-0.20000000000000018
3.0541372299194336,1.5,1.33,0.16999999999999993,0.24147499999999994,0.16999999999999993,0.071475,0.0
3.1048531532287598,1.5,1.34,0.15999999999999992,0.031874999999999765,0.15999999999999992,0.07187500000000001,-0.20000000000000018
3.153061866760254,1.5,1.34,0.15999999999999992,0.23227499999999993,0.15999999999999992,0.072275,0.0
3.201526165008545,1.5,1.34,0.15999999999999992,0.2326749999999999,0.15999999999999992,0.072675,0.0
3.2605912685394287,1.5,1.35,0.1499999999999999,0.023049999999999737,0.1499999999999999,0.07305,-0.20000000000000018
3.307723045349121,1.5,1.35,0.1499999999999999,0.22342499999999993,0.1499999999999999,0.073425,0.0
3.3570640087127686,1.5,1.35,0.1499999999999999,0.22379999999999994,0.1499999999999999,0.07380000000000002,0.0
3.403308153152466,1.5,1.35,0.1499999999999999,0.22417499999999993,0.1499999999999999,0.07417500000000002,0.0
3.4538350105285645,1.5,1.36,0.1399999999999999,0.014524999999999733,0.1399999999999999,0.07452500000000001,-0.20000000000000018
3.5036849975585938,1.5,1.36,0.1399999999999999,0.21487499999999993,0.1399999999999999,0.07487500000000001,0.0
3.553694009780884,1.5,1.36,0.1399999999999999,0.2152249999999999,0.1399999999999999,0.075225,0.0
3.6026859283447266,1.5,1.36,0.1399999999999999,0.2155749999999999,0.1399999999999999,0.075575,0.0
3.6610231399536133,1.5,1.37,0.1299999999999999,0.005899999999999711,0.1299999999999999,0.0759,-0.20000000000000018
3.708407163619995,1.5,1.37,0.1299999999999999,0.20622499999999988,0.1299999999999999,0.07622499999999999,0.0
3.7554099559783936,1.5,1.38,0.1200000000000001,-0.0034749999999956205,0.1200000000000001,0.076525,-0.19999999999999574
3.8063199520111084,1.5,1.38,0.1200000000000001,0.19682500000000008,0.1200000000000001,0.07682499999999999,0.0
3.852402925491333,1.5,1.39,0.1100000000000001,-0.012900000000000078,0.1100000000000001,0.0771,-0.20000000000000018
3.90332293510437,1.5,1.39,0.1100000000000001,0.1873750000000001,0.1100000000000001,0.077375,0.0
3.95361590385437,1.5,1.4,0.10000000000000009,-0.02237500000000009,0.10000000000000009,0.077625,-0.20000000000000018
4.003160238265991,1.5,1.4,0.10000000000000009,0.17787500000000006,0.10000000000000009,0.07787499999999999,0.0
4.061021089553833,1.5,1.41,0.09000000000000008,-0.031900000000000095,0.09000000000000008,0.07809999999999999,-0.20000000000000018
4.111730098724365,1.5,1.41,0.09000000000000008,0.16832500000000006,0.09000000000000008,0.07832499999999998,0.0
4.162199020385742,1.5,1.41,0.09000000000000008,0.16855000000000006,0.09000000000000008,0.07854999999999998,0.0
4.212335824966431,1.5,1.41,0.09000000000000008,0.16877500000000006,0.09000000000000008,0.07877499999999998,0.0
4.260853052139282,1.5,1.42,0.08000000000000007,-0.041025000000000145,0.08000000000000007,0.07897499999999998,-0.20000000000000018
4.3067121505737305,1.5,1.42,0.08000000000000007,0.15917500000000007,0.08000000000000007,0.07917499999999998,0.0
4.353348970413208,1.5,1.43,0.07000000000000006,-0.05065000000000014,0.07000000000000006,0.07934999999999998,-0.20000000000000018
4.4029860496521,1.5,1.43,0.07000000000000006,0.14952500000000005,0.07000000000000006,0.07952499999999998,0.0
4.452007055282593,1.5,1.44,0.06000000000000005,-0.06032500000000013,0.06000000000000005,0.079675,-0.20000000000000018
4.509632110595703,1.5,1.44,0.06000000000000005,0.13982500000000003,0.06000000000000005,0.079825,0.0
4.5577239990234375,1.5,1.43,0.07000000000000006,0.35000000000000026,0.07000000000000006,0.08,0.20000000000000018
4.606256008148193,1.5,1.43,0.07000000000000006,0.15017500000000006,0.07000000000000006,0.080175,0.0
4.652618169784546,1.5,1.43,0.07000000000000006,0.15035000000000007,0.07000000000000006,0.08035,0.0
4.7013819217681885,1.5,1.43,0.07000000000000006,0.15052500000000008,0.07000000000000006,0.08052500000000001,0.0
4.7503180503845215,1.5,1.43,0.07000000000000006,0.15070000000000006,0.07000000000000006,0.08070000000000001,0.0
4.81113600730896,1.5,1.43,0.07000000000000006,0.1508750000000001,0.07000000000000006,0.08087500000000002,0.0
4.86059308052063,1.5,1.44,0.06000000000000005,-0.05897500000000011,0.06000000000000005,0.08102500000000001,-0.20000000000000018
4.910683870315552,1.5,1.44,0.06000000000000005,0.14117500000000008,0.06000000000000005,0.08117500000000002,0.0
4.9617369174957275,1.5,1.44,0.06000000000000005,0.1413250000000001,0.06000000000000005,0.08132500000000004,0.0
5.011166095733643,1.5,1.44,0.06000000000000005,0.14147500000000007,0.06000000000000005,0.08147500000000003,0.0
5.061077117919922,1.5,1.44,0.06000000000000005,0.1416250000000001,0.06000000000000005,0.08162500000000004,0.0
5.109572887420654,1.5,1.44,0.06000000000000005,0.1417750000000001,0.06000000000000005,0.08177500000000004,0.0
5.1577301025390625,1.5,1.44,0.06000000000000005,0.1419250000000001,0.06000000000000005,0.08192500000000005,0.0
5.206779956817627,1.5,1.44,0.06000000000000005,0.14207500000000012,0.06000000000000005,0.08207500000000006,0.0
5.2524330615997314,1.5,1.44,0.06000000000000005,0.1422250000000001,0.06000000000000005,0.08222500000000006,0.0
5.3026649951934814,1.5,1.44,0.06000000000000005,0.14237500000000014,0.06000000000000005,0.08237500000000007,0.0
5.352678060531616,1.5,1.44,0.06000000000000005,0.14252500000000012,0.06000000000000005,0.08252500000000007,0.0
5.411379098892212,1.5,1.44,0.06000000000000005,0.14267500000000014,0.06000000000000005,0.08267500000000008,0.0
5.459802865982056,1.5,1.44,0.06000000000000005,0.14282500000000015,0.06000000000000005,0.08282500000000009,0.0
5.5104241371154785,1.5,1.45,0.050000000000000044,-0.06705000000000005,0.050000000000000044,0.08295000000000008,-0.20000000000000018
5.561036109924316,1.5,1.45,0.050000000000000044,0.1330750000000001,0.050000000000000044,0.08307500000000008,0.0
5.611624002456665,1.5,1.45,0.050000000000000044,0.13320000000000012,0.050000000000000044,0.08320000000000008,0.0
5.6612701416015625,1.5,1.45,0.050000000000000044,0.13332500000000014,0.050000000000000044,0.08332500000000008,0.0
5.711663246154785,1.5,1.45,0.050000000000000044,0.13345000000000012,0.050000000000000044,0.08345000000000008,0.0
5.757731199264526,1.5,1.47,0.030000000000000027,-0.28647500000000026,0.030000000000000027,0.08352500000000007,-0.40000000000000036
5.808301210403442,1.5,1.47,0.030000000000000027,0.1136000000000001,0.030000000000000027,0.08360000000000008,0.0
5.857941150665283,1.5,1.47,0.030000000000000027,0.11367500000000011,0.030000000000000027,0.08367500000000008,0.0
5.9064719676971436,1.5,1.47,0.030000000000000027,0.11375000000000011,0.030000000000000027,0.08375000000000009,0.0
5.9574830532073975,1.5,1.47,0.030000000000000027,0.11382500000000012,0.030000000000000027,0.0838250000000001,0.0
6.008425951004028,1.5,1.47,0.030000000000000027,0.11390000000000011,0.030000000000000027,0.08390000000000009,0.0
6.056761264801025,1.5,1.47,0.030000000000000027,0.11397500000000012,0.030000000000000027,0.08397500000000009,0.0
6.106809139251709,1.5,1.47,0.030000000000000027,0.11405000000000012,0.030000000000000027,0.0840500000000001,0.0
6.15559983253479,1.5,1.47,0.030000000000000027,0.11412500000000013,0.030000000000000027,0.0841250000000001,0.0
6.203331232070923,1.5,1.47,0.030000000000000027,0.11420000000000013,0.030000000000000027,0.08420000000000011,0.0
6.251104116439819,1.5,1.47,0.030000000000000027,0.11427500000000013,0.030000000000000027,0.0842750000000001,0.0
6.309246063232422,1.5,1.46,0.040000000000000036,0.3243750000000003,0.040000000000000036,0.0843750000000001,0.20000000000000018
6.357456922531128,1.5,1.46,0.040000000000000036,0.12447500000000014,0.040000000000000036,0.0844750000000001,0.0
6.405707120895386,1.5,1.46,0.040000000000000036,0.12457500000000014,0.040000000000000036,0.08457500000000011,0.0
6.454024076461792,1.5,1.46,0.040000000000000036,0.12467500000000015,0.040000000000000036,0.08467500000000011,0.0
6.511258840560913,1.5,1.46,0.040000000000000036,0.12477500000000014,0.040000000000000036,0.0847750000000001,0.0
6.560914039611816,1.5,1.46,0.040000000000000036,0.12487500000000014,0.040000000000000036,0.0848750000000001,0.0
6.609957933425903,1.5,1.48,0.020000000000000018,-0.29507500000000025,0.020000000000000018,0.0849250000000001,-0.40000000000000036
6.657910108566284,1.5,1.48,0.020000000000000018,0.10497500000000011,0.020000000000000018,0.08497500000000009,0.0
6.705659866333008,1.5,1.48,0.020000000000000018,0.1050250000000001,0.020000000000000018,0.08502500000000009,0.0
6.751636028289795,1.5,1.48,0.020000000000000018,0.1050750000000001,0.020000000000000018,0.08507500000000008,0.0
6.811734199523926,1.5,1.49,0.010000000000000009,-0.10490000000000009,0.010000000000000009,0.08510000000000008,-0.20000000000000018
6.8577799797058105,1.5,1.49,0.010000000000000009,0.09512500000000008,0.010000000000000009,0.08512500000000008,0.0
6.90524697303772,1.5,1.49,0.010000000000000009,0.09515000000000008,0.010000000000000009,0.08515000000000007,0.0
6.951553106307983,1.5,1.5,0.0,-0.1148500000000001,0.0,0.08515000000000007,-0.20000000000000018
7.000171184539795,1.5,1.5,0.0,0.08515000000000007,0.0,0.08515000000000007,0.0
7.06070613861084,1.5,1.49,0.010000000000000009,0.29517500000000024,0.010000000000000009,0.08517500000000007,0.20000000000000018
7.109694004058838,1.5,1.49,0.010000000000000009,0.09520000000000008,0.010000000000000009,0.08520000000000007,0.0
7.162193059921265,1.5,1.5,0.0,-0.11480000000000011,0.0,0.08520000000000007,-0.20000000000000018
7.210193872451782,1.5,1.5,0.0,0.08520000000000007,0.0,0.08520000000000007,0.0
7.255084037780762,1.5,1.5,0.0,0.08520000000000007,0.0,0.08520000000000007,0.0
7.302963018417358,1.5,1.5,0.0,0.08520000000000007,0.0,0.08520000000000007,0.0
7.359378099441528,1.5,1.5,0.0,0.08520000000000007,0.0,0.08520000000000007,0.0
7.40773606300354,1.5,1.5,0.0,0.08520000000000007,0.0,0.08520000000000007,0.0
7.4540770053863525,1.5,1.5,0.0,0.08520000000000007,0.0,0.08520000000000007,0.0
7.5047619342803955,1.5,1.5,0.0,0.08520000000000007,0.0,0.08520000000000007,0.0
7.551367998123169,1.5,1.5,0.0,0.08520000000000007,0.0,0.08520000000000007,0.0
7.610856056213379,1.5,1.5,0.0,0.08520000000000007,0.0,0.08520000000000007,0.0
7.660290002822876,1.5,1.5,0.0,0.08520000000000007,0.0,0.08520000000000007,0.0
7.709991931915283,1.5,1.5,0.0,0.08520000000000007,0.0,0.08520000000000007,0.0
7.759266138076782,1.5,1.5,0.0,0.08520000000000007,0.0,0.08520000000000007,0.0
7.80561900138855,1.5,1.5,0.0,0.08520000000000007,0.0,0.08520000000000007,0.0
7.851038932800293,1.5,1.51,-0.010000000000000009,-0.12482500000000012,-0.010000000000000009,0.08517500000000007,-0.20000000000000018
7.9108521938323975,1.5,1.51,-0.010000000000000009,0.07515000000000006,-0.010000000000000009,0.08515000000000007,0.0
7.959856986999512,1.5,1.51,-0.010000000000000009,0.07512500000000007,-0.010000000000000009,0.08512500000000008,0.0
8.008039951324463,1.5,1.51,-0.010000000000000009,0.07510000000000007,-0.010000000000000009,0.08510000000000008,0.0
8.054298162460327,1.5,1.51,-0.010000000000000009,0.07507500000000007,-0.010000000000000009,0.08507500000000008,0.0
8.104207277297974,1.5,1.49,0.010000000000000009,0.49510000000000043,0.010000000000000009,0.08510000000000008,0.40000000000000036
8.154073238372803,1.5,1.51,-0.010000000000000009,-0.3249250000000003,-0.010000000000000009,0.08507500000000008,-0.40000000000000036
8.200193166732788,1.5,1.51,-0.010000000000000009,0.07505000000000007,-0.010000000000000009,0.08505000000000008,0.0
8.260985136032104,1.5,1.5,0.0,0.28505000000000025,0.0,0.08505000000000008,0.20000000000000018
8.30839204788208,1.5,1.5,0.0,0.08505000000000008,0.0,0.08505000000000008,0.0
8.357653141021729,1.5,1.51,-0.010000000000000009,-0.1249750000000001,-0.010000000000000009,0.08502500000000009,-0.20000000000000018
8.408047199249268,1.5,1.51,-0.010000000000000009,0.07500000000000008,-0.010000000000000009,0.08500000000000009,0.0
8.458561182022095,1.5,1.5,0.0,0.28500000000000025,0.0,0.08500000000000009,0.20000000000000018
8.508824110031128,1.5,1.5,0.0,0.08500000000000009,0.0,0.08500000000000009,0.0
8.556370973587036,1.5,1.5,0.0,0.08500000000000009,0.0,0.08500000000000009,0.0
8.605985164642334,1.5,1.51,-0.010000000000000009,-0.1250250000000001,-0.010000000000000009,0.08497500000000009,-0.20000000000000018
8.654490947723389,1.5,1.51,-0.010000000000000009,0.07495000000000009,-0.010000000000000009,0.0849500000000001,0.0
8.701152086257935,1.5,1.51,-0.010000000000000009,0.07492500000000009,-0.010000000000000009,0.0849250000000001,0.0
8.761556148529053,1.5,1.51,-0.010000000000000009,0.07490000000000009,-0.010000000000000009,0.0849000000000001,0.0
8.808959007263184,1.5,1.51,-0.010000000000000009,0.0748750000000001,-0.010000000000000009,0.0848750000000001,0.0
8.857116937637329,1.5,1.51,-0.010000000000000009,0.0748500000000001,-0.010000000000000009,0.0848500000000001,0.0
8.905412197113037,1.5,1.51,-0.010000000000000009,0.0748250000000001,-0.010000000000000009,0.08482500000000011,0.0
8.954216957092285,1.5,1.51,-0.010000000000000009,0.0748000000000001,-0.010000000000000009,0.08480000000000011,0.0
9.00273323059082,1.5,1.51,-0.010000000000000009,0.0747750000000001,-0.010000000000000009,0.08477500000000011,0.0
9.050107955932617,1.5,1.51,-0.010000000000000009,0.07475000000000011,-0.010000000000000009,0.08475000000000012,0.0
9.111664056777954,1.5,1.5,0.0,0.2847500000000003,0.0,0.08475000000000012,0.20000000000000018
9.15978193283081,1.5,1.5,0.0,0.08475000000000012,0.0,0.08475000000000012,0.0
9.205159902572632,1.5,1.51,-0.010000000000000009,-0.12527500000000008,-0.010000000000000009,0.08472500000000012,-0.20000000000000018
9.251028060913086,1.5,1.51,-0.010000000000000009,0.07470000000000011,-0.010000000000000009,0.08470000000000012,0.0
9.309590101242065,1.5,1.51,-0.010000000000000009,0.07467500000000012,-0.010000000000000009,0.08467500000000013,0.0
9.355849027633667,1.5,1.51,-0.010000000000000009,0.07465000000000012,-0.010000000000000009,0.08465000000000013,0.0
9.40539813041687,1.5,1.51,-0.010000000000000009,0.07462500000000012,-0.010000000000000009,0.08462500000000013,0.0
9.453203916549683,1.5,1.51,-0.010000000000000009,0.07460000000000012,-0.010000000000000009,0.08460000000000013,0.0
9.50363302230835,1.5,1.51,-0.010000000000000009,0.07457500000000013,-0.010000000000000009,0.08457500000000014,0.0
9.553400039672852,1.5,1.51,-0.010000000000000009,0.07455000000000013,-0.010000000000000009,0.08455000000000014,0.0
9.600963115692139,1.5,1.52,-0.020000000000000018,-0.13550000000000006,-0.020000000000000018,0.08450000000000013,-0.20000000000000018
9.659959077835083,1.5,1.52,-0.020000000000000018,0.06445000000000012,-0.020000000000000018,0.08445000000000014,0.0
9.710373878479004,1.5,1.52,-0.020000000000000018,0.06440000000000012,-0.020000000000000018,0.08440000000000014,0.0
9.75875210762024,1.5,1.52,-0.020000000000000018,0.06435000000000013,-0.020000000000000018,0.08435000000000015,0.0
9.807633876800537,1.5,1.51,-0.010000000000000009,0.2743250000000003,-0.010000000000000009,0.08432500000000015,0.20000000000000018
9.85547399520874,1.5,1.51,-0.010000000000000009,0.07430000000000014,-0.010000000000000009,0.08430000000000015,0.0
9.90368103981018,1.5,1.52,-0.020000000000000018,-0.13575000000000004,-0.020000000000000018,0.08425000000000016,-0.20000000000000018
9.951478004455566,1.5,1.52,-0.020000000000000018,0.06420000000000015,-0.020000000000000018,0.08420000000000016,0.0
10.010982990264893,1.5,1.52,-0.020000000000000018,0.06415000000000015,-0.020000000000000018,0.08415000000000017,0.0
10.0603609085083,1.5,1.52,-0.020000000000000018,0.06410000000000016,-0.020000000000000018,0.08410000000000017,0.0
10.111107110977173,1.5,1.52,-0.020000000000000018,0.06405000000000016,-0.020000000000000018,0.08405000000000018,0.0
10.160569906234741,1.5,1.52,-0.020000000000000018,0.06400000000000017,-0.020000000000000018,0.08400000000000019,0.0
10.208962202072144,1.5,1.51,-0.010000000000000009,0.27397500000000036,-0.010000000000000009,0.08397500000000019,0.20000000000000018
10.255553007125854,1.5,1.51,-0.010000000000000009,0.07395000000000018,-0.010000000000000009,0.08395000000000019,0.0
10.305333137512207,1.5,1.52,-0.020000000000000018,-0.1361,-0.020000000000000018,0.0839000000000002,-0.20000000000000018
10.354130983352661,1.5,1.52,-0.020000000000000018,0.06385000000000018,-0.020000000000000018,0.0838500000000002,0.0
10.400010108947754,1.5,1.52,-0.020000000000000018,0.06380000000000019,-0.020000000000000018,0.08380000000000021,0.0
10.450684070587158,1.5,1.52,-0.020000000000000018,0.0637500000000002,-0.020000000000000018,0.08375000000000021,0.0
10.510406970977783,1.5,1.52,-0.020000000000000018,0.0637000000000002,-0.020000000000000018,0.08370000000000022,0.0
10.557755947113037,1.5,1.52,-0.020000000000000018,0.0636500000000002,-0.020000000000000018,0.08365000000000022,0.0
10.607142925262451,1.5,1.52,-0.020000000000000018,0.06360000000000021,-0.020000000000000018,0.08360000000000023,0.0
10.657486200332642,1.5,1.52,-0.020000000000000018,0.06355000000000022,-0.020000000000000018,0.08355000000000024,0.0
10.706918001174927,1.5,1.52,-0.020000000000000018,0.06350000000000022,-0.020000000000000018,0.08350000000000024,0.0
10.754425048828125,1.5,1.52,-0.020000000000000018,0.06345000000000023,-0.020000000000000018,0.08345000000000025,0.0
10.80455994606018,1.5,1.52,-0.020000000000000018,0.06340000000000023,-0.020000000000000018,0.08340000000000025,0.0
10.851385116577148,1.5,1.52,-0.020000000000000018,0.06335000000000024,-0.020000000000000018,0.08335000000000026,0.0
10.902127265930176,1.5,1.52,-0.020000000000000018,0.06330000000000024,-0.020000000000000018,0.08330000000000026,0.0
10.952259063720703,1.5,1.52,-0.020000000000000018,0.06325000000000025,-0.020000000000000018,0.08325000000000027,0.0
11.012166976928711,1.5,1.52,-0.020000000000000018,0.06320000000000026,-0.020000000000000018,0.08320000000000027,0.0
11.060189008712769,1.5,1.52,-0.020000000000000018,0.06315000000000026,-0.020000000000000018,0.08315000000000028,0.0
11.110534906387329,1.5,1.52,-0.020000000000000018,0.06310000000000027,-0.020000000000000018,0.08310000000000028,0.0
11.161448001861572,1.5,1.52,-0.020000000000000018,0.06305000000000027,-0.020000000000000018,0.08305000000000029,0.0
11.206562042236328,1.5,1.52,-0.020000000000000018,0.06300000000000028,-0.020000000000000018,0.0830000000000003,0.0
11.252673149108887,1.5,1.52,-0.020000000000000018,0.06295000000000028,-0.020000000000000018,0.0829500000000003,0.0
11.311385154724121,1.5,1.52,-0.020000000000000018,0.06290000000000029,-0.020000000000000018,0.0829000000000003,0.0
11.359550952911377,1.5,1.52,-0.020000000000000018,0.0628500000000003,-0.020000000000000018,0.08285000000000031,0.0
11.407818078994751,1.5,1.52,-0.020000000000000018,0.0628000000000003,-0.020000000000000018,0.08280000000000032,0.0
11.457427978515625,1.5,1.52,-0.020000000000000018,0.0627500000000003,-0.020000000000000018,0.08275000000000032,0.0
11.507512092590332,1.5,1.52,-0.020000000000000018,0.06270000000000031,-0.020000000000000018,0.08270000000000033,0.0
11.557433843612671,1.5,1.52,-0.020000000000000018,0.06265000000000032,-0.020000000000000018,0.08265000000000033,0.0
11.605188131332397,1.5,1.52,-0.020000000000000018,0.06260000000000032,-0.020000000000000018,0.08260000000000034,0.0
11.653592109680176,1.5,1.52,-0.020000000000000018,0.06255000000000033,-0.020000000000000018,0.08255000000000035,0.0
11.70142388343811,1.5,1.53,-0.030000000000000027,-0.14752499999999985,-0.030000000000000027,0.08247500000000035,-0.20000000000000018
11.74999189376831,1.5,1.53,-0.030000000000000027,0.05240000000000032,-0.030000000000000027,0.08240000000000035,0.0
11.81038498878479,1.5,1.51,-0.010000000000000009,0.4723750000000007,-0.010000000000000009,0.08237500000000035,0.40000000000000036
11.857769012451172,1.5,1.51,-0.010000000000000009,0.07235000000000034,-0.010000000000000009,0.08235000000000035,0.0
11.908475875854492,1.5,1.53,-0.030000000000000027,-0.34772500000000006,-0.030000000000000027,0.08227500000000035,-0.40000000000000036
11.957419157028198,1.5,1.53,-0.030000000000000027,0.052200000000000316,-0.030000000000000027,0.08220000000000034,0.0
12.006067037582397,1.5,1.51,-0.010000000000000009,0.4721750000000007,-0.010000000000000009,0.08217500000000034,0.40000000000000036
12.053915977478027,1.5,1.51,-0.010000000000000009,0.07215000000000034,-0.010000000000000009,0.08215000000000035,0.0
12.103247880935669,1.5,1.52,-0.020000000000000018,-0.13789999999999986,-0.020000000000000018,0.08210000000000035,-0.20000000000000018
12.15951418876648,1.5,1.52,-0.020000000000000018,0.06205000000000034,-0.020000000000000018,0.08205000000000036,0.0
12.20796012878418,1.5,1.52,-0.020000000000000018,0.062000000000000347,-0.020000000000000018,0.08200000000000036,0.0
12.256773948669434,1.5,1.52,-0.020000000000000018,0.06195000000000035,-0.020000000000000018,0.08195000000000037,0.0
12.304152011871338,1.5,1.53,-0.030000000000000027,-0.14812499999999984,-0.030000000000000027,0.08187500000000036,-0.20000000000000018
12.353307008743286,1.5,1.53,-0.030000000000000027,0.051800000000000346,-0.030000000000000027,0.08180000000000037,0.0
12.403289079666138,1.5,1.54,-0.040000000000000036,-0.15829999999999983,-0.040000000000000036,0.08170000000000037,-0.20000000000000018
12.4536452293396,1.5,1.54,-0.040000000000000036,0.04160000000000033,-0.040000000000000036,0.08160000000000037,0.0
12.500761270523071,1.5,1.53,-0.030000000000000027,0.2515250000000005,-0.030000000000000027,0.08152500000000036,0.20000000000000018
12.561567068099976,1.5,1.53,-0.030000000000000027,0.05145000000000033,-0.030000000000000027,0.08145000000000036,0.0
12.610189199447632,1.5,1.53,-0.030000000000000027,0.05137500000000034,-0.030000000000000027,0.08137500000000036,0.0
12.658316135406494,1.5,1.53,-0.030000000000000027,0.05130000000000033,-0.030000000000000027,0.08130000000000036,0.0
12.707422971725464,1.5,1.54,-0.040000000000000036,-0.15879999999999986,-0.040000000000000036,0.08120000000000036,-0.20000000000000018
12.754082202911377,1.5,1.54,-0.040000000000000036,0.04110000000000032,-0.040000000000000036,0.08110000000000035,0.0
12.803400993347168,1.5,1.54,-0.040000000000000036,0.041000000000000314,-0.040000000000000036,0.08100000000000035,0.0
12.853234052658081,1.5,1.54,-0.040000000000000036,0.040900000000000325,-0.040000000000000036,0.08090000000000036,0.0
12.90323805809021,1.5,1.55,-0.050000000000000044,-0.16922499999999985,-0.050000000000000044,0.08077500000000036,-0.20000000000000018
12.953441143035889,1.5,1.55,-0.050000000000000044,0.030650000000000316,-0.050000000000000044,0.08065000000000036,0.0
13.003696918487549,1.5,1.55,-0.050000000000000044,0.030525000000000316,-0.050000000000000044,0.08052500000000036,0.0
13.053311109542847,1.5,1.55,-0.050000000000000044,0.030400000000000316,-0.050000000000000044,0.08040000000000036,0.0
13.10045599937439,1.5,1.55,-0.050000000000000044,0.03027500000000033,-0.050000000000000044,0.08027500000000037,0.0
13.159917116165161,1.5,1.55,-0.050000000000000044,0.03015000000000033,-0.050000000000000044,0.08015000000000037,0.0
13.209849834442139,1.5,1.55,-0.050000000000000044,0.03002500000000033,-0.050000000000000044,0.08002500000000037,0.0
13.259006023406982,1.5,1.55,-0.050000000000000044,0.02990000000000033,-0.050000000000000044,0.07990000000000037,0.0
13.307874202728271,1.5,1.55,-0.050000000000000044,0.02977500000000033,-0.050000000000000044,0.07977500000000037,0.0
13.356287002563477,1.5,1.55,-0.050000000000000044,0.029650000000000343,-0.050000000000000044,0.07965000000000039,0.0
13.403801202774048,1.5,1.56,-0.06000000000000005,-0.18049999999999986,-0.06000000000000005,0.07950000000000038,-0.20000000000000018
13.45015001296997,1.5,1.56,-0.06000000000000005,0.01935000000000031,-0.06000000000000005,0.07935000000000036,0.0
13.509305953979492,1.5,1.56,-0.06000000000000005,0.019200000000000314,-0.06000000000000005,0.07920000000000037,0.0
13.556089162826538,1.5,1.56,-0.06000000000000005,0.019050000000000303,-0.06000000000000005,0.07905000000000036,0.0
13.605313062667847,1.5,1.56,-0.06000000000000005,0.018900000000000305,-0.06000000000000005,0.07890000000000036,0.0
13.653384923934937,1.5,1.56,-0.06000000000000005,0.018750000000000294,-0.06000000000000005,0.07875000000000035,0.0
13.702652931213379,1.5,1.56,-0.06000000000000005,0.018600000000000283,-0.06000000000000005,0.07860000000000034,0.0
13.751492261886597,1.5,1.56,-0.06000000000000005,0.018450000000000286,-0.06000000000000005,0.07845000000000034,0.0
13.801414966583252,1.5,1.56,-0.06000000000000005,0.018300000000000274,-0.06000000000000005,0.07830000000000033,0.0
13.85137414932251,1.5,1.56,-0.06000000000000005,0.018150000000000277,-0.06000000000000005,0.07815000000000033,0.0
13.910009860992432,1.5,1.56,-0.06000000000000005,0.018000000000000266,-0.06000000000000005,0.07800000000000032,0.0
13.96076488494873,1.5,1.57,-0.07000000000000006,-0.19217499999999993,-0.07000000000000006,0.07782500000000031,-0.20000000000000018
14.01161813735962,1.5,1.57,-0.07000000000000006,0.007650000000000254,-0.07000000000000006,0.07765000000000032,0.0
14.061665058135986,1.5,1.57,-0.07000000000000006,0.007475000000000245,-0.07000000000000006,0.07747500000000031,0.0
14.112152099609375,1.5,1.57,-0.07000000000000006,0.007300000000000251,-0.07000000000000006,0.07730000000000031,0.0
14.162298917770386,1.5,1.58,-0.08000000000000007,-0.20289999999999994,-0.08000000000000007,0.07710000000000031,-0.20000000000000018
14.208799123764038,1.5,1.58,-0.08000000000000007,-0.0030999999999997696,-0.08000000000000007,0.0769000000000003,0.0
14.25739598274231,1.5,1.56,-0.06000000000000005,0.4167500000000006,-0.06000000000000005,0.0767500000000003,0.40000000000000036
14.308335065841675,1.5,1.56,-0.06000000000000005,0.01660000000000024,-0.06000000000000005,0.07660000000000029,0.0
14.35927414894104,1.5,1.57,-0.07000000000000006,-0.19357499999999994,-0.07000000000000006,0.0764250000000003,-0.20000000000000018
14.406461954116821,1.5,1.57,-0.07000000000000006,0.006250000000000228,-0.07000000000000006,0.07625000000000029,0.0
14.460943937301636,1.5,1.57,-0.07000000000000006,0.006075000000000219,-0.07000000000000006,0.07607500000000028,0.0
14.509056091308594,1.5,1.57,-0.07000000000000006,0.0059000000000002245,-0.07000000000000006,0.07590000000000029,0.0
14.557015180587769,1.5,1.57,-0.07000000000000006,0.005725000000000216,-0.07000000000000006,0.07572500000000028,0.0
14.606872081756592,1.5,1.57,-0.07000000000000006,0.005550000000000221,-0.07000000000000006,0.07555000000000028,0.0
14.652469158172607,1.5,1.57,-0.07000000000000006,0.005375000000000213,-0.07000000000000006,0.07537500000000028,0.0
14.700525045394897,1.5,1.57,-0.07000000000000006,0.0052000000000002045,-0.07000000000000006,0.07520000000000027,0.0
14.760680913925171,1.5,1.57,-0.07000000000000006,0.00502500000000021,-0.07000000000000006,0.07502500000000027,0.0
14.810920000076294,1.5,1.57,-0.07000000000000006,0.004850000000000201,-0.07000000000000006,0.07485000000000026,0.0
14.858633995056152,1.5,1.57,-0.07000000000000006,0.004675000000000193,-0.07000000000000006,0.07467500000000026,0.0
14.9080069065094,1.5,1.58,-0.08000000000000007,-0.20552499999999999,-0.08000000000000007,0.07447500000000026,-0.20000000000000018
14.953281164169312,1.5,1.58,-0.08000000000000007,-0.005724999999999814,-0.08000000000000007,0.07427500000000026,0.0
15.000179052352905,1.5,1.58,-0.08000000000000007,-0.005924999999999805,-0.08000000000000007,0.07407500000000027,0.0
15.060771226882935,1.5,1.58,-0.08000000000000007,-0.006124999999999811,-0.08000000000000007,0.07387500000000026,0.0
15.107759952545166,1.5,1.58,-0.08000000000000007,-0.006324999999999817,-0.08000000000000007,0.07367500000000025,0.0
15.154886960983276,1.5,1.58,-0.08000000000000007,-0.006524999999999809,-0.08000000000000007,0.07347500000000026,0.0
15.209255933761597,1.5,1.58,-0.08000000000000007,-0.0067249999999998145,-0.08000000000000007,0.07327500000000026,0.0
15.253735065460205,1.5,1.58,-0.08000000000000007,-0.006924999999999806,-0.08000000000000007,0.07307500000000026,0.0
15.303217887878418,1.5,1.59,-0.09000000000000008,-0.21715,-0.09000000000000008,0.07285000000000026,-0.20000000000000018
15.36208701133728,1.5,1.59,-0.09000000000000008,-0.01737499999999982,-0.09000000000000008,0.07262500000000026,0.0
15.407796144485474,1.5,1.6,-0.10000000000000009,-0.22762500000000002,-0.10000000000000009,0.07237500000000026,-0.20000000000000018
15.454876899719238,1.5,1.6,-0.10000000000000009,-0.02787499999999983,-0.10000000000000009,0.07212500000000026,0.0
15.50481104850769,1.5,1.58,-0.08000000000000007,0.3919250000000005,-0.08000000000000007,0.07192500000000027,0.40000000000000036
15.55171799659729,1.5,1.58,-0.08000000000000007,-0.00827499999999981,-0.08000000000000007,0.07172500000000026,0.0
15.602357149124146,1.5,1.59,-0.09000000000000008,-0.21849999999999997,-0.09000000000000008,0.07150000000000027,-0.20000000000000018
15.651557922363281,1.5,1.59,-0.09000000000000008,-0.01872499999999981,-0.09000000000000008,0.07127500000000027,0.0
15.70011305809021,1.5,1.58,-0.08000000000000007,0.19107500000000038,-0.08000000000000007,0.07107500000000026,0.20000000000000018
15.758311986923218,1.5,1.58,-0.08000000000000007,-0.0091249999999998,-0.08000000000000007,0.07087500000000027,0.0
15.808441877365112,1.5,1.59,-0.09000000000000008,-0.21935,-0.09000000000000008,0.07065000000000027,-0.20000000000000018
15.855263948440552,1.5,1.59,-0.09000000000000008,-0.0195749999999998,-0.09000000000000008,0.07042500000000028,0.0
15.903609991073608,1.5,1.59,-0.09000000000000008,-0.019799999999999804,-0.09000000000000008,0.07020000000000028,0.0
15.953508853912354,1.5,1.59,-0.09000000000000008,-0.020024999999999807,-0.09000000000000008,0.06997500000000027,0.0
16.003301858901978,1.5,1.6,-0.10000000000000009,-0.23027499999999998,-0.10000000000000009,0.06972500000000029,-0.20000000000000018
16.050938844680786,1.5,1.6,-0.10000000000000009,-0.030524999999999802,-0.10000000000000009,0.06947500000000029,0.0
16.10163903236389,1.5,1.6,-0.10000000000000009,-0.03077499999999979,-0.10000000000000009,0.0692250000000003,0.0
16.16030502319336,1.5,1.6,-0.10000000000000009,-0.03102499999999979,-0.10000000000000009,0.0689750000000003,0.0
16.210002899169922,1.5,1.58,-0.08000000000000007,0.3887750000000006,-0.08000000000000007,0.0687750000000003,0.40000000000000036
16.259034156799316,1.5,1.58,-0.08000000000000007,-0.011424999999999769,-0.08000000000000007,0.0685750000000003,0.0
16.308389902114868,1.5,1.58,-0.08000000000000007,-0.011624999999999774,-0.08000000000000007,0.0683750000000003,0.0
16.356807947158813,1.5,1.59,-0.09000000000000008,-0.22184999999999994,-0.09000000000000008,0.06815000000000031,-0.20000000000000018
16.407470226287842,1.5,1.59,-0.09000000000000008,-0.022074999999999775,-0.09000000000000008,0.0679250000000003,0.0
16.45439386367798,1.5,1.6,-0.10000000000000009,-0.23232499999999995,-0.10000000000000009,0.0676750000000003,-0.20000000000000018
16.503803968429565,1.5,1.6,-0.10000000000000009,-0.03257499999999977,-0.10000000000000009,0.06742500000000032,0.0
16.5525860786438,1.5,1.59,-0.09000000000000008,0.1772000000000004,-0.09000000000000008,0.06720000000000032,0.20000000000000018
16.603368997573853,1.5,1.59,-0.09000000000000008,-0.023024999999999754,-0.09000000000000008,0.06697500000000033,0.0
16.661702871322632,1.5,1.61,-0.1100000000000001,-0.44330000000000014,-0.1100000000000001,0.06670000000000031,-0.40000000000000036
16.709157943725586,1.5,1.61,-0.1100000000000001,-0.04357499999999978,-0.1100000000000001,0.06642500000000032,0.0
16.756572008132935,1.5,1.61,-0.1100000000000001,-0.04384999999999979,-0.1100000000000001,0.0661500000000003,0.0
16.802417993545532,1.5,1.61,-0.1100000000000001,-0.04412499999999979,-0.1100000000000001,0.06587500000000031,0.0
16.86163306236267,1.5,1.6,-0.10000000000000009,0.1656250000000004,-0.10000000000000009,0.06562500000000031,0.20000000000000018
16.908473253250122,1.5,1.6,-0.10000000000000009,-0.03462499999999977,-0.10000000000000009,0.06537500000000032,0.0
16.95791792869568,1.5,1.6,-0.10000000000000009,-0.03487499999999977,-0.10000000000000009,0.06512500000000032,0.0
17.007444143295288,1.5,1.6,-0.10000000000000009,-0.035124999999999754,-0.10000000000000009,0.06487500000000034,0.0
17.05323600769043,1.5,1.6,-0.10000000000000009,-0.035374999999999754,-0.10000000000000009,0.06462500000000033,0.0
17.103917121887207,1.5,1.6,-0.10000000000000009,-0.035624999999999754,-0.10000000000000009,0.06437500000000033,0.0
17.154948234558105,1.5,1.59,-0.09000000000000008,0.17415000000000044,-0.09000000000000008,0.06415000000000035,0.20000000000000018
17.204960107803345,1.5,1.59,-0.09000000000000008,-0.026074999999999737,-0.09000000000000008,0.06392500000000034,0.0
17.253113269805908,1.5,1.59,-0.09000000000000008,-0.026299999999999726,-0.09000000000000008,0.06370000000000035,0.0
17.30240488052368,1.5,1.59,-0.09000000000000008,-0.02652499999999973,-0.09000000000000008,0.06347500000000035,0.0
17.36138081550598,1.5,1.59,-0.09000000000000008,-0.026749999999999732,-0.09000000000000008,0.06325000000000035,0.0
17.408179998397827,1.5,1.59,-0.09000000000000008,-0.02697499999999972,-0.09000000000000008,0.06302500000000036,0.0
17.452567100524902,1.5,1.59,-0.09000000000000008,-0.027199999999999724,-0.09000000000000008,0.06280000000000036,0.0
17.503217935562134,1.5,1.59,-0.09000000000000008,-0.027424999999999713,-0.09000000000000008,0.06257500000000037,0.0
17.55289602279663,1.5,1.59,-0.09000000000000008,-0.027649999999999716,-0.09000000000000008,0.06235000000000036,0.0
17.60034203529358,1.5,1.59,-0.09000000000000008,-0.027874999999999713,-0.09000000000000008,0.06212500000000037,0.0
17.661931037902832,1.5,1.58,-0.08000000000000007,0.18192500000000048,-0.08000000000000007,0.06192500000000037,0.20000000000000018
17.70999813079834,1.5,1.58,-0.08000000000000007,-0.018274999999999708,-0.08000000000000007,0.06172500000000036,0.0
17.75835919380188,1.5,1.59,-0.09000000000000008,-0.2284999999999999,-0.09000000000000008,0.06150000000000037,-0.20000000000000018
17.806298971176147,1.5,1.59,-0.09000000000000008,-0.02872499999999971,-0.09000000000000008,0.06127500000000037,0.0
17.85486912727356,1.5,1.6,-0.10000000000000009,-0.23897499999999988,-0.10000000000000009,0.06102500000000038,-0.20000000000000018
17.90077495574951,1.5,1.6,-0.10000000000000009,-0.039224999999999705,-0.10000000000000009,0.060775000000000384,0.0
17.961663961410522,1.5,1.6,-0.10000000000000009,-0.039474999999999705,-0.10000000000000009,0.060525000000000384,0.0
18.012327909469604,1.5,1.6,-0.10000000000000009,-0.0397249999999997,-0.10000000000000009,0.06027500000000039,0.0
18.06180715560913,1.5,1.6,-0.10000000000000009,-0.03997499999999969,-0.10000000000000009,0.0600250000000004,0.0
18.109822034835815,1.5,1.6,-0.10000000000000009,-0.040224999999999685,-0.10000000000000009,0.059775000000000404,0.0
18.157819032669067,1.5,1.6,-0.10000000000000009,-0.04047499999999968,-0.10000000000000009,0.05952500000000041,0.0
18.20799207687378,1.5,1.6,-0.10000000000000009,-0.04072499999999968,-0.10000000000000009,0.05927500000000041,0.0
18.25842785835266,1.5,1.6,-0.10000000000000009,-0.04097499999999967,-0.10000000000000009,0.05902500000000042,0.0
18.30687689781189,1.5,1.62,-0.1200000000000001,-0.46127500000000005,-0.1200000000000001,0.058725000000000416,-0.40000000000000036
18.354361057281494,1.5,1.62,-0.1200000000000001,-0.061574999999999686,-0.1200000000000001,0.05842500000000042,0.0
18.40244197845459,1.5,1.62,-0.1200000000000001,-0.06187499999999969,-0.1200000000000001,0.05812500000000042,0.0
18.45257806777954,1.5,1.62,-0.1200000000000001,-0.06217499999999969,-0.1200000000000001,0.05782500000000042,0.0
18.510525941848755,1.5,1.62,-0.1200000000000001,-0.06247499999999969,-0.1200000000000001,0.057525000000000416,0.0
18.55783987045288,1.5,1.62,-0.1200000000000001,-0.06277499999999969,-0.1200000000000001,0.057225000000000414,0.0
18.606831073760986,1.5,1.61,-0.1100000000000001,0.1469500000000005,-0.1100000000000001,0.05695000000000042,0.20000000000000018
18.656580924987793,1.5,1.61,-0.1100000000000001,-0.053324999999999685,-0.1100000000000001,0.05667500000000041,0.0
18.707213163375854,1.5,1.62,-0.1200000000000001,-0.2636249999999999,-0.1200000000000001,0.05637500000000041,-0.20000000000000018
18.75736093521118,1.5,1.62,-0.1200000000000001,-0.0639249999999997,-0.1200000000000001,0.05607500000000041,0.0
18.805302143096924,1.5,1.62,-0.1200000000000001,-0.0642249999999997,-0.1200000000000001,0.05577500000000041,0.0
18.852030992507935,1.5,1.61,-0.1100000000000001,0.1455000000000005,-0.1100000000000001,0.05550000000000041,0.20000000000000018
18.91100001335144,1.5,1.62,-0.1200000000000001,-0.26479999999999987,-0.1200000000000001,0.05520000000000041,-0.20000000000000018
18.95975089073181,1.5,1.62,-0.1200000000000001,-0.0650999999999997,-0.1200000000000001,0.05490000000000041,0.0
19.008761167526245,1.5,1.62,-0.1200000000000001,-0.06539999999999971,-0.1200000000000001,0.054600000000000405,0.0
19.057756900787354,1.5,1.61,-0.1100000000000001,0.14432500000000048,-0.1100000000000001,0.0543250000000004,0.20000000000000018
19.10870885848999,1.5,1.61,-0.1100000000000001,-0.055949999999999694,-0.1100000000000001,0.0540500000000004,0.0
19.157114028930664,1.5,1.62,-0.1200000000000001,-0.2662499999999999,-0.1200000000000001,0.0537500000000004,-0.20000000000000018
19.206223964691162,1.5,1.62,-0.1200000000000001,-0.0665499999999997,-0.1200000000000001,0.0534500000000004,0.0
19.254892110824585,1.5,1.61,-0.1100000000000001,0.14317500000000047,-0.1100000000000001,0.053175000000000396,0.20000000000000018
19.302820205688477,1.5,1.61,-0.1100000000000001,-0.05709999999999971,-0.1100000000000001,0.05290000000000039,0.0
19.353219032287598,1.5,1.62,-0.1200000000000001,-0.26739999999999986,-0.1200000000000001,0.052600000000000396,-0.20000000000000018
19.40279984474182,1.5,1.62,-0.1200000000000001,-0.0676999999999997,-0.1200000000000001,0.052300000000000395,0.0
19.462451934814453,1.5,1.61,-0.1100000000000001,0.14202500000000046,-0.1100000000000001,0.05202500000000039,0.20000000000000018
19.509581089019775,1.5,1.61,-0.1100000000000001,-0.05824999999999971,-0.1100000000000001,0.051750000000000386,0.0
19.557363986968994,1.5,1.61,-0.1100000000000001,-0.058524999999999716,-0.1100000000000001,0.05147500000000038,0.0
19.60447120666504,1.5,1.61,-0.1100000000000001,-0.058799999999999714,-0.1100000000000001,0.051200000000000384,0.0
19.654300928115845,1.5,1.61,-0.1100000000000001,-0.05907499999999972,-0.1100000000000001,0.05092500000000038,0.0
19.70239019393921,1.5,1.61,-0.1100000000000001,-0.05934999999999972,-0.1100000000000001,0.050650000000000375,0.0
19.76213812828064,1.5,1.61,-0.1100000000000001,-0.05962499999999973,-0.1100000000000001,0.05037500000000037,0.0
19.809725046157837,1.5,1.61,-0.1100000000000001,-0.05989999999999973,-0.1100000000000001,0.050100000000000366,0.0
19.859796047210693,1.5,1.61,-0.1100000000000001,-0.06017499999999973,-0.1100000000000001,0.04982500000000037,0.0
19.908311128616333,1.5,1.61,-0.1100000000000001,-0.06044999999999973,-0.1100000000000001,0.049550000000000365,0.0
19.95399498939514,1.5,1.61,-0.1100000000000001,-0.06072499999999974,-0.1100000000000001,0.04927500000000036,0.0
20.002902030944824,1.5,1.61,-0.1100000000000001,-0.06099999999999974,-0.1100000000000001,0.049000000000000356,0.0
20.053231954574585,1.5,1.62,-0.1200000000000001,-0.27129999999999993,-0.1200000000000001,0.048700000000000354,-0.20000000000000018
20.104007959365845,1.5,1.62,-0.1200000000000001,-0.07159999999999975,-0.1200000000000001,0.04840000000000036,0.0
20.15328311920166,1.5,1.62,-0.1200000000000001,-0.07189999999999974,-0.1200000000000001,0.04810000000000036,0.0
20.199985027313232,1.5,1.61,-0.1100000000000001,0.13782500000000042,-0.1100000000000001,0.04782500000000035,0.20000000000000018
20.26057505607605,1.5,1.62,-0.1200000000000001,-0.2724749999999999,-0.1200000000000001,0.04752500000000035,-0.20000000000000018
20.309665203094482,1.5,1.62,-0.1200000000000001,-0.07277499999999976,-0.1200000000000001,0.04722500000000035,0.0
20.360021114349365,1.5,1.62,-0.1200000000000001,-0.07307499999999975,-0.1200000000000001,0.046925000000000355,0.0
20.40795397758484,1.5,1.62,-0.1200000000000001,-0.07337499999999975,-0.1200000000000001,0.046625000000000354,0.0
20.456937074661255,1.5,1.6,-0.10000000000000009,0.3463750000000006,-0.10000000000000009,0.04637500000000035,0.40000000000000036
20.505713939666748,1.5,1.6,-0.10000000000000009,-0.053874999999999736,-0.10000000000000009,0.04612500000000035,0.0
20.55363416671753,1.5,1.62,-0.1200000000000001,-0.4741750000000001,-0.1200000000000001,0.04582500000000035,-0.40000000000000036
20.60326099395752,1.5,1.62,-0.1200000000000001,-0.07447499999999976,-0.1200000000000001,0.04552500000000035,0.0
20.652945041656494,1.5,1.61,-0.1100000000000001,0.13525000000000043,-0.1100000000000001,0.045250000000000346,0.20000000000000018
20.70350694656372,1.5,1.61,-0.1100000000000001,-0.06502499999999975,-0.1100000000000001,0.04497500000000035,0.0
20.75045609474182,1.5,1.6,-0.10000000000000009,0.14472500000000044,-0.10000000000000009,0.04472500000000035,0.20000000000000018
20.809298038482666,1.5,1.6,-0.10000000000000009,-0.05552499999999974,-0.10000000000000009,0.04447500000000035,0.0
20.859162092208862,1.5,1.6,-0.10000000000000009,-0.05577499999999974,-0.10000000000000009,0.04422500000000035,0.0
20.90746808052063,1.5,1.6,-0.10000000000000009,-0.05602499999999974,-0.10000000000000009,0.04397500000000035,0.0
20.955916166305542,1.5,1.59,-0.09000000000000008,0.15375000000000044,-0.09000000000000008,0.043750000000000344,0.20000000000000018
21.006051063537598,1.5,1.59,-0.09000000000000008,-0.04647499999999973,-0.09000000000000008,0.04352500000000035,0.0
21.054871082305908,1.5,1.59,-0.09000000000000008,-0.04669999999999973,-0.09000000000000008,0.04330000000000035,0.0
21.10322594642639,1.5,1.59,-0.09000000000000008,-0.046924999999999724,-0.09000000000000008,0.043075000000000356,0.0
21.162163972854614,1.5,1.6,-0.10000000000000009,-0.25717499999999993,-0.10000000000000009,0.042825000000000356,-0.20000000000000018
21.209556102752686,1.5,1.6,-0.10000000000000009,-0.05742499999999973,-0.10000000000000009,0.042575000000000356,0.0
21.25792908668518,1.5,1.59,-0.09000000000000008,0.15235000000000046,-0.09000000000000008,0.04235000000000036,0.20000000000000018
21.302372217178345,1.5,1.59,-0.09000000000000008,-0.04787499999999972,-0.09000000000000008,0.04212500000000036,0.0
21.35231590270996,1.5,1.59,-0.09000000000000008,-0.04809999999999972,-0.09000000000000008,0.04190000000000036,0.0
21.40084409713745,1.5,1.59,-0.09000000000000008,-0.048324999999999715,-0.09000000000000008,0.041675000000000365,0.0
21.461769104003906,1.5,1.61,-0.1100000000000001,-0.4686000000000001,-0.1100000000000001,0.04140000000000036,-0.40000000000000036
21.512260913848877,1.5,1.61,-0.1100000000000001,-0.06887499999999974,-0.1100000000000001,0.041125000000000356,0.0
21.559415102005005,1.5,1.61,-0.1100000000000001,-0.06914999999999974,-0.1100000000000001,0.04085000000000036,0.0
21.60692000389099,1.5,1.6,-0.10000000000000009,0.14060000000000045,-0.10000000000000009,0.04060000000000036,0.20000000000000018
21.657368183135986,1.5,1.6,-0.10000000000000009,-0.05964999999999973,-0.10000000000000009,0.04035000000000036,0.0
21.70322299003601,1.5,1.6,-0.10000000000000009,-0.05989999999999973,-0.10000000000000009,0.04010000000000036,0.0
21.750277996063232,1.5,1.6,-0.10000000000000009,-0.06014999999999973,-0.10000000000000009,0.03985000000000036,0.0
21.809382915496826,1.5,1.6,-0.10000000000000009,-0.06039999999999973,-0.10000000000000009,0.03960000000000036,0.0
21.857401847839355,1.5,1.6,-0.10000000000000009,-0.06064999999999973,-0.10000000000000009,0.03935000000000036,0.0
21.904826879501343,1.5,1.6,-0.10000000000000009,-0.06089999999999973,-0.10000000000000009,0.03910000000000036,0.0
21.95325493812561,1.5,1.6,-0.10000000000000009,-0.06114999999999973,-0.10000000000000009,0.038850000000000356,0.0
22.01053500175476,1.5,1.61,-0.1100000000000001,-0.2714249999999999,-0.1100000000000001,0.03857500000000035,-0.20000000000000018
22.059995889663696,1.5,1.61,-0.1100000000000001,-0.07169999999999975,-0.1100000000000001,0.03830000000000035,0.0
22.109743118286133,1.5,1.61,-0.1100000000000001,-0.07197499999999976,-0.1100000000000001,0.03802500000000034,0.0
22.156121253967285,1.5,1.61,-0.1100000000000001,-0.07224999999999976,-0.1100000000000001,0.03775000000000034,0.0
22.205283164978027,1.5,1.61,-0.1100000000000001,-0.07252499999999976,-0.1100000000000001,0.037475000000000334,0.0
22.253041982650757,1.5,1.61,-0.1100000000000001,-0.07279999999999975,-0.1100000000000001,0.03720000000000034,0.0
22.303205966949463,1.5,1.61,-0.1100000000000001,-0.07307499999999977,-0.1100000000000001,0.03692500000000033,0.0
22.352328062057495,1.5,1.61,-0.1100000000000001,-0.07334999999999978,-0.1100000000000001,0.03665000000000033,0.0
22.40241527557373,1.5,1.61,-0.1100000000000001,-0.07362499999999977,-0.1100000000000001,0.036375000000000324,0.0
22.45134401321411,1.5,1.61,-0.1100000000000001,-0.07389999999999977,-0.1100000000000001,0.03610000000000032,0.0
22.501119136810303,1.5,1.61,-0.1100000000000001,-0.07417499999999977,-0.1100000000000001,0.03582500000000032,0.0
22.561969995498657,1.5,1.6,-0.10000000000000009,0.13557500000000042,-0.10000000000000009,0.03557500000000032,0.20000000000000018
22.608049869537354,1.5,1.6,-0.10000000000000009,-0.06467499999999976,-0.10000000000000009,0.03532500000000032,0.0
22.65660810470581,1.5,1.6,-0.10000000000000009,-0.06492499999999976,-0.10000000000000009,0.03507500000000032,0.0
22.704740047454834,1.5,1.6,-0.10000000000000009,-0.06517499999999976,-0.10000000000000009,0.03482500000000032,0.0
22.75168013572693,1.5,1.6,-0.10000000000000009,-0.06542499999999976,-0.10000000000000009,0.03457500000000032,0.0
22.800006866455078,1.5,1.6,-0.10000000000000009,-0.06567499999999976,-0.10000000000000009,0.03432500000000032,0.0
22.859554052352905,1.5,1.6,-0.10000000000000009,-0.06592499999999976,-0.10000000000000009,0.03407500000000032,0.0
22.90910315513611,1.5,1.6,-0.10000000000000009,-0.06617499999999976,-0.10000000000000009,0.03382500000000032,0.0
22.954785108566284,1.5,1.6,-0.10000000000000009,-0.06642499999999976,-0.10000000000000009,0.03357500000000032,0.0
23.005014181137085,1.5,1.6,-0.10000000000000009,-0.06667499999999976,-0.10000000000000009,0.03332500000000032,0.0
23.05349612236023,1.5,1.59,-0.09000000000000008,0.14310000000000042,-0.09000000000000008,0.03310000000000032,0.20000000000000018
23.100857257843018,1.5,1.59,-0.09000000000000008,-0.05712499999999976,-0.09000000000000008,0.03287500000000032,0.0
23.159565210342407,1.5,1.59,-0.09000000000000008,-0.057349999999999755,-0.09000000000000008,0.032650000000000325,0.0
23.207778215408325,1.5,1.59,-0.09000000000000008,-0.05757499999999975,-0.09000000000000008,0.03242500000000033,0.0
23.254703998565674,1.5,1.61,-0.1100000000000001,-0.4778500000000001,-0.1100000000000001,0.032150000000000324,-0.40000000000000036
23.304154872894287,1.5,1.61,-0.1100000000000001,-0.07812499999999978,-0.1100000000000001,0.03187500000000032,0.0
23.353304147720337,1.5,1.6,-0.10000000000000009,0.1316250000000004,-0.10000000000000009,0.03162500000000032,0.20000000000000018
23.40035319328308,1.5,1.6,-0.10000000000000009,-0.06862499999999977,-0.10000000000000009,0.03137500000000032,0.0
23.450875997543335,1.5,1.6,-0.10000000000000009,-0.06887499999999977,-0.10000000000000009,0.03112500000000032,0.0
23.512142181396484,1.5,1.59,-0.09000000000000008,0.1409000000000004,-0.09000000000000008,0.030900000000000316,0.20000000000000018
23.56006407737732,1.5,1.58,-0.08000000000000007,0.15070000000000042,-0.08000000000000007,0.030700000000000317,0.20000000000000018
23.607460260391235,1.5,1.58,-0.08000000000000007,-0.04949999999999975,-0.08000000000000007,0.03050000000000032,0.0
23.65846824645996,1.5,1.58,-0.08000000000000007,-0.04969999999999976,-0.08000000000000007,0.030300000000000316,0.0
23.7063250541687,1.5,1.58,-0.08000000000000007,-0.04989999999999975,-0.08000000000000007,0.030100000000000317,0.0
23.755499124526978,1.5,1.58,-0.08000000000000007,-0.050099999999999756,-0.08000000000000007,0.029900000000000315,0.0
23.80319118499756,1.5,1.58,-0.08000000000000007,-0.050299999999999755,-0.08000000000000007,0.029700000000000316,0.0
23.85083818435669,1.5,1.58,-0.08000000000000007,-0.05049999999999975,-0.08000000000000007,0.029500000000000318,0.0
23.900078058242798,1.5,1.57,-0.07000000000000006,0.15932500000000044,-0.07000000000000006,0.029325000000000313,0.20000000000000018
23.95051598548889,1.5,1.57,-0.07000000000000006,-0.04084999999999975,-0.07000000000000006,0.02915000000000031,0.0
24.012441158294678,1.5,1.57,-0.07000000000000006,-0.041024999999999756,-0.07000000000000006,0.028975000000000306,0.0
24.050628900527954,1.5,1.57,-0.07000000000000006,-0.04119999999999976,-0.07000000000000006,0.028800000000000305,0.0
24.100768089294434,1.5,1.56,-0.06000000000000005,0.1686500000000004,-0.06000000000000005,0.028650000000000304,0.20000000000000018
24.161940097808838,1.5,1.56,-0.06000000000000005,-0.03149999999999975,-0.06000000000000005,0.028500000000000303,0.0
24.21013307571411,1.5,1.56,-0.06000000000000005,-0.03164999999999975,-0.06000000000000005,0.028350000000000306,0.0
24.258262157440186,1.5,1.56,-0.06000000000000005,-0.031799999999999745,-0.06000000000000005,0.028200000000000305,0.0
24.30507493019104,1.5,1.55,-0.050000000000000044,0.17807500000000043,-0.050000000000000044,0.028075000000000308,0.20000000000000018
24.353177070617676,1.5,1.55,-0.050000000000000044,-0.022049999999999736,-0.050000000000000044,0.027950000000000308,0.0
24.40283203125,1.5,1.55,-0.050000000000000044,-0.022174999999999733,-0.050000000000000044,0.02782500000000031,0.0
24.450387001037598,1.5,1.55,-0.050000000000000044,-0.02229999999999973,-0.050000000000000044,0.027700000000000315,0.0
24.509647846221924,1.5,1.55,-0.050000000000000044,-0.022424999999999726,-0.050000000000000044,0.027575000000000318,0.0
24.558948278427124,1.5,1.55,-0.050000000000000044,-0.022549999999999723,-0.050000000000000044,0.02745000000000032,0.0
24.607152938842773,1.5,1.56,-0.06000000000000005,-0.2326999999999999,-0.06000000000000005,0.02730000000000032,-0.20000000000000018
24.657423973083496,1.5,1.56,-0.06000000000000005,-0.032849999999999734,-0.06000000000000005,0.02715000000000032,0.0
24.708380937576294,1.5,1.54,-0.040000000000000036,0.3870500000000006,-0.040000000000000036,0.02705000000000032,0.40000000000000036
24.758357048034668,1.5,1.54,-0.040000000000000036,-0.013049999999999715,-0.040000000000000036,0.02695000000000032,0.0
24.808531045913696,1.5,1.54,-0.040000000000000036,-0.013149999999999717,-0.040000000000000036,0.026850000000000318,0.0
24.85734724998474,1.5,1.54,-0.040000000000000036,-0.013249999999999717,-0.040000000000000036,0.02675000000000032,0.0
24.907356023788452,1.5,1.55,-0.050000000000000044,-0.2233749999999999,-0.050000000000000044,0.026625000000000322,-0.20000000000000018
24.95783805847168,1.5,1.55,-0.050000000000000044,-0.02349999999999972,-0.050000000000000044,0.026500000000000325,0.0
25.006036043167114,1.5,1.56,-0.06000000000000005,-0.2336499999999999,-0.06000000000000005,0.026350000000000325,-0.20000000000000018
25.05531907081604,1.5,1.56,-0.06000000000000005,-0.03379999999999973,-0.06000000000000005,0.026200000000000324,0.0
25.101607084274292,1.5,1.55,-0.050000000000000044,0.17607500000000045,-0.050000000000000044,0.026075000000000327,0.20000000000000018
25.161128044128418,1.5,1.55,-0.050000000000000044,-0.024049999999999714,-0.050000000000000044,0.02595000000000033,0.0
25.210936069488525,1.5,1.55,-0.050000000000000044,-0.02417499999999971,-0.050000000000000044,0.025825000000000334,0.0
25.2601580619812,1.5,1.55,-0.050000000000000044,-0.02429999999999971,-0.050000000000000044,0.025700000000000334,0.0
25.31015706062317,1.5,1.56,-0.06000000000000005,-0.23444999999999988,-0.06000000000000005,0.025550000000000336,-0.20000000000000018
25.357370853424072,1.5,1.56,-0.06000000000000005,-0.034599999999999714,-0.06000000000000005,0.025400000000000336,0.0
25.404722929000854,1.5,1.55,-0.050000000000000044,0.17527500000000046,-0.050000000000000044,0.02527500000000034,0.20000000000000018
25.452744960784912,1.5,1.55,-0.050000000000000044,-0.024849999999999706,-0.050000000000000044,0.02515000000000034,0.0
25.500794887542725,1.5,1.55,-0.050000000000000044,-0.024974999999999702,-0.050000000000000044,0.025025000000000342,0.0
25.56150984764099,1.5,1.55,-0.050000000000000044,-0.025099999999999702,-0.050000000000000044,0.024900000000000342,0.0
25.6115939617157,1.5,1.56,-0.06000000000000005,-0.2352499999999999,-0.06000000000000005,0.02475000000000034,-0.20000000000000018
25.66085410118103,1.5,1.56,-0.06000000000000005,-0.03539999999999971,-0.06000000000000005,0.024600000000000344,0.0
25.70871090888977,1.5,1.56,-0.06000000000000005,-0.03554999999999971,-0.06000000000000005,0.024450000000000343,0.0
25.75785207748413,1.5,1.56,-0.06000000000000005,-0.03569999999999971,-0.06000000000000005,0.024300000000000342,0.0
25.806583166122437,1.5,1.56,-0.06000000000000005,-0.035849999999999715,-0.06000000000000005,0.02415000000000034,0.0
25.855650186538696,1.5,1.56,-0.06000000000000005,-0.03599999999999971,-0.06000000000000005,0.02400000000000034,0.0
25.904757022857666,1.5,1.56,-0.06000000000000005,-0.03614999999999971,-0.06000000000000005,0.023850000000000343,0.0
25.953593254089355,1.5,1.56,-0.06000000000000005,-0.03629999999999971,-0.06000000000000005,0.023700000000000342,0.0
26.00400996208191,1.5,1.55,-0.050000000000000044,0.17357500000000048,-0.050000000000000044,0.023575000000000342,0.20000000000000018
26.05115294456482,1.5,1.55,-0.050000000000000044,-0.026549999999999702,-0.050000000000000044,0.023450000000000342,0.0
26.111999988555908,1.5,1.55,-0.050000000000000044,-0.026674999999999702,-0.050000000000000044,0.023325000000000342,0.0
26.160964250564575,1.5,1.56,-0.06000000000000005,-0.2368249999999999,-0.06000000000000005,0.02317500000000034,-0.20000000000000018
26.207223176956177,1.5,1.57,-0.07000000000000006,-0.2469999999999999,-0.07000000000000006,0.02300000000000034,-0.20000000000000018
26.253183126449585,1.5,1.57,-0.07000000000000006,-0.04717499999999972,-0.07000000000000006,0.02282500000000034,0.0
26.30322504043579,1.5,1.57,-0.07000000000000006,-0.047349999999999726,-0.07000000000000006,0.02265000000000034,0.0
26.351176977157593,1.5,1.56,-0.06000000000000005,0.16250000000000048,-0.06000000000000005,0.02250000000000034,0.20000000000000018
26.40974998474121,1.5,1.56,-0.06000000000000005,-0.03764999999999971,-0.06000000000000005,0.022350000000000342,0.0
26.457798957824707,1.5,1.56,-0.06000000000000005,-0.03779999999999971,-0.06000000000000005,0.02220000000000034,0.0
26.504449129104614,1.5,1.56,-0.06000000000000005,-0.03794999999999971,-0.06000000000000005,0.02205000000000034,0.0
26.553043127059937,1.5,1.56,-0.06000000000000005,-0.03809999999999972,-0.06000000000000005,0.02190000000000034,0.0
26.600512981414795,1.5,1.56,-0.06000000000000005,-0.038249999999999715,-0.06000000000000005,0.02175000000000034,0.0
26.65120792388916,1.5,1.56,-0.06000000000000005,-0.03839999999999971,-0.06000000000000005,0.02160000000000034,0.0
26.700616121292114,1.5,1.56,-0.06000000000000005,-0.03854999999999971,-0.06000000000000005,0.02145000000000034,0.0
26.760611057281494,1.5,1.56,-0.06000000000000005,-0.038699999999999714,-0.06000000000000005,0.02130000000000034,0.0
26.80779004096985,1.5,1.56,-0.06000000000000005,-0.03884999999999972,-0.06000000000000005,0.02115000000000034,0.0
26.855765104293823,1.5,1.56,-0.06000000000000005,-0.038999999999999715,-0.06000000000000005,0.021000000000000338,0.0
26.90315008163452,1.5,1.55,-0.050000000000000044,0.17087500000000047,-0.050000000000000044,0.020875000000000338,0.20000000000000018
26.953317880630493,1.5,1.55,-0.050000000000000044,-0.029249999999999707,-0.050000000000000044,0.020750000000000338,0.0
27.008804082870483,1.5,1.56,-0.06000000000000005,-0.2393999999999999,-0.06000000000000005,0.02060000000000034,-0.20000000000000018
27.057393074035645,1.5,1.56,-0.06000000000000005,-0.03954999999999971,-0.06000000000000005,0.02045000000000034,0.0
27.104027032852173,1.5,1.55,-0.050000000000000044,0.17032500000000048,-0.050000000000000044,0.02032500000000034,0.20000000000000018
27.162471055984497,1.5,1.55,-0.050000000000000044,-0.029799999999999705,-0.050000000000000044,0.02020000000000034,0.0
27.209393978118896,1.5,1.56,-0.06000000000000005,-0.23994999999999989,-0.06000000000000005,0.02005000000000034,-0.20000000000000018
27.2572979927063,1.5,1.56,-0.06000000000000005,-0.04009999999999972,-0.06000000000000005,0.019900000000000338,0.0
27.307921886444092,1.5,1.57,-0.07000000000000006,-0.2502749999999999,-0.07000000000000006,0.01972500000000034,-0.20000000000000018
27.357523918151855,1.5,1.57,-0.07000000000000006,-0.050449999999999724,-0.07000000000000006,0.019550000000000338,0.0
27.405482053756714,1.5,1.57,-0.07000000000000006,-0.050624999999999726,-0.07000000000000006,0.019375000000000336,0.0
27.456239223480225,1.5,1.57,-0.07000000000000006,-0.05079999999999972,-0.07000000000000006,0.01920000000000034,0.0
27.506920099258423,1.5,1.56,-0.06000000000000005,0.15905000000000047,-0.06000000000000005,0.019050000000000337,0.20000000000000018
27.554666996002197,1.5,1.56,-0.06000000000000005,-0.04109999999999972,-0.06000000000000005,0.018900000000000337,0.0
27.603754997253418,1.5,1.56,-0.06000000000000005,-0.04124999999999972,-0.06000000000000005,0.018750000000000336,0.0
27.6501681804657,1.5,1.56,-0.06000000000000005,-0.041399999999999715,-0.06000000000000005,0.018600000000000335,0.0
27.709943056106567,1.5,1.56,-0.06000000000000005,-0.04154999999999971,-0.06000000000000005,0.018450000000000338,0.0
27.757828950881958,1.5,1.56,-0.06000000000000005,-0.041699999999999716,-0.06000000000000005,0.018300000000000337,0.0
27.807392120361328,1.5,1.55,-0.050000000000000044,0.16817500000000046,-0.050000000000000044,0.018175000000000337,0.20000000000000018
27.853363037109375,1.5,1.55,-0.050000000000000044,-0.03194999999999971,-0.050000000000000044,0.018050000000000337,0.0
27.902648210525513,1.5,1.56,-0.06000000000000005,-0.2420999999999999,-0.06000000000000005,0.017900000000000336,-0.20000000000000018
27.953025102615356,1.5,1.56,-0.06000000000000005,-0.04224999999999972,-0.06000000000000005,0.017750000000000335,0.0
28.00174903869629,1.5,1.56,-0.06000000000000005,-0.042399999999999716,-0.06000000000000005,0.017600000000000334,0.0
28.05058217048645,1.5,1.56,-0.06000000000000005,-0.04254999999999971,-0.06000000000000005,0.017450000000000337,0.0
28.109897136688232,1.5,1.55,-0.050000000000000044,0.16732500000000047,-0.050000000000000044,0.017325000000000337,0.20000000000000018
28.160687923431396,1.5,1.55,-0.050000000000000044,-0.032799999999999704,-0.050000000000000044,0.017200000000000337,0.0
28.207791090011597,1.5,1.55,-0.050000000000000044,-0.032924999999999705,-0.050000000000000044,0.017075000000000336,0.0
28.254688024520874,1.5,1.55,-0.050000000000000044,-0.033049999999999705,-0.050000000000000044,0.016950000000000336,0.0
28.30376100540161,1.5,1.56,-0.06000000000000005,-0.2431999999999999,-0.06000000000000005,0.016800000000000335,-0.20000000000000018
28.35285210609436,1.5,1.56,-0.06000000000000005,-0.04334999999999972,-0.06000000000000005,0.016650000000000335,0.0
28.402886867523193,1.5,1.55,-0.050000000000000044,0.16652500000000048,-0.050000000000000044,0.016525000000000335,0.20000000000000018
28.450858116149902,1.5,1.55,-0.050000000000000044,-0.03359999999999971,-0.050000000000000044,0.016400000000000334,0.0
28.50977897644043,1.5,1.55,-0.050000000000000044,-0.033724999999999714,-0.050000000000000044,0.016275000000000334,0.0
28.55736804008484,1.5,1.55,-0.050000000000000044,-0.033849999999999714,-0.050000000000000044,0.016150000000000334,0.0
28.605860233306885,1.5,1.55,-0.050000000000000044,-0.033974999999999714,-0.050000000000000044,0.016025000000000334,0.0
28.654201984405518,1.5,1.55,-0.050000000000000044,-0.034099999999999714,-0.050000000000000044,0.015900000000000334,0.0
28.7006778717041,1.5,1.55,-0.050000000000000044,-0.034224999999999714,-0.050000000000000044,0.015775000000000334,0.0
28.750309944152832,1.5,1.55,-0.050000000000000044,-0.034349999999999714,-0.050000000000000044,0.015650000000000334,0.0
28.811492204666138,1.5,1.55,-0.050000000000000044,-0.034474999999999714,-0.050000000000000044,0.015525000000000334,0.0
28.861639976501465,1.5,1.55,-0.050000000000000044,-0.034599999999999714,-0.050000000000000044,0.015400000000000334,0.0
28.91149401664734,1.5,1.55,-0.050000000000000044,-0.034724999999999714,-0.050000000000000044,0.015275000000000333,0.0
28.955983877182007,1.5,1.55,-0.050000000000000044,-0.034849999999999715,-0.050000000000000044,0.015150000000000333,0.0
29.006205081939697,1.5,1.55,-0.050000000000000044,-0.034974999999999715,-0.050000000000000044,0.015025000000000333,0.0
29.0544650554657,1.5,1.56,-0.06000000000000005,-0.2451249999999999,-0.06000000000000005,0.014875000000000332,-0.20000000000000018
29.10302495956421,1.5,1.56,-0.06000000000000005,-0.04527499999999972,-0.06000000000000005,0.014725000000000333,0.0
29.151758193969727,1.5,1.56,-0.06000000000000005,-0.04542499999999972,-0.06000000000000005,0.014575000000000332,0.0
29.201509952545166,1.5,1.56,-0.06000000000000005,-0.04557499999999972,-0.06000000000000005,0.014425000000000333,0.0
29.260735988616943,1.5,1.56,-0.06000000000000005,-0.045724999999999724,-0.06000000000000005,0.014275000000000333,0.0
29.309635162353516,1.5,1.56,-0.06000000000000005,-0.04587499999999972,-0.06000000000000005,0.014125000000000332,0.0
29.358922004699707,1.5,1.55,-0.050000000000000044,0.16400000000000048,-0.050000000000000044,0.014000000000000332,0.20000000000000018
29.40583610534668,1.5,1.55,-0.050000000000000044,-0.03612499999999971,-0.050000000000000044,0.013875000000000332,0.0
29.45676016807556,1.5,1.56,-0.06000000000000005,-0.2462749999999999,-0.06000000000000005,0.013725000000000332,-0.20000000000000018
29.50653910636902,1.5,1.56,-0.06000000000000005,-0.04642499999999972,-0.06000000000000005,0.013575000000000332,0.0
29.557229042053223,1.5,1.57,-0.07000000000000006,-0.25659999999999994,-0.07000000000000006,0.013400000000000332,-0.20000000000000018
29.60601305961609,1.5,1.57,-0.07000000000000006,-0.05677499999999973,-0.07000000000000006,0.013225000000000332,0.0
29.65681004524231,1.5,1.57,-0.07000000000000006,-0.05694999999999973,-0.07000000000000006,0.013050000000000332,0.0
29.70579195022583,1.5,1.57,-0.07000000000000006,-0.05712499999999973,-0.07000000000000006,0.01287500000000033,0.0
29.752803087234497,1.5,1.57,-0.07000000000000006,-0.05729999999999973,-0.07000000000000006,0.01270000000000033,0.0
29.803170204162598,1.5,1.56,-0.06000000000000005,0.15255000000000046,-0.06000000000000005,0.012550000000000332,0.20000000000000018
29.850234985351562,1.5,1.57,-0.07000000000000006,-0.2576249999999999,-0.07000000000000006,0.01237500000000033,-0.20000000000000018
29.901115894317627,1.5,1.57,-0.07000000000000006,-0.057799999999999734,-0.07000000000000006,0.01220000000000033,0.0
29.960504055023193,1.5,1.57,-0.07000000000000006,-0.057974999999999735,-0.07000000000000006,0.01202500000000033,0.0
